location_id,date,V1,location_name,deaths_data_type,deaths_mean,deaths_lower,deaths_upper,totdea_mean,totdea_lower,totdea_upper,deaths_mean_smoothed,deaths_lower_smoothed,deaths_upper_smoothed,totdea_mean_smoothed,totdea_lower_smoothed,totdea_upper_smoothed,mobility_data_type,mobility_composite,total_tests_data_type,total_tests,confirmed_infections_data_type,confirmed_infections
1,01-01-2021,53023,Global,projected,12707.48304,11909.64926,13544.31449,1873919.079,1866954.211,1880890.256,12707.48304,11909.64926,13544.31449,1873919.079,1866954.211,1880890.256,projected,-18.276692,,,,
1,02-01-2021,53024,Global,projected,12848.92379,12016.85935,13721.91236,1886768.003,1879084.605,1894525.214,12848.92379,12016.85935,13721.91236,1886768.003,1879084.605,1894525.214,projected,-18.33038711,,,,
1,03-01-2021,53025,Global,projected,12983.41358,12097.89614,13915.28055,1899751.416,1891318.571,1908373.355,12983.41358,12097.89614,13915.28055,1899751.416,1891318.571,1908373.355,projected,-18.40245287,,,,
1,04-01-2021,53026,Global,projected,13116.5062,12202.03021,14109.30965,1912867.923,1903561.536,1922308.222,13116.5062,12202.03021,14109.30965,1912867.923,1903561.536,1922308.222,projected,-18.47131482,,,,
1,05-01-2021,53027,Global,projected,13248.12964,12295.06854,14277.14915,1926116.052,1915938.596,1936538.899,13248.12964,12295.06854,14277.14915,1926116.052,1915938.596,1936538.899,projected,-18.53140505,,,,
1,06-01-2021,53028,Global,projected,13383.59933,12402.82903,14464.21144,1939499.652,1928387.331,1951037.677,13383.59933,12402.82903,14464.21144,1939499.652,1928387.331,1951037.677,projected,-18.58951883,,,,
1,07-01-2021,53029,Global,projected,13506.90507,12459.68202,14618.6462,1953006.557,1940869.903,1965765.998,13506.90507,12459.68202,14618.6462,1953006.557,1940869.903,1965765.998,projected,-18.64053764,,,,
1,08-01-2021,53030,Global,projected,13585.11656,12526.45789,14781.38649,1966591.673,1953383.546,1980650.523,13585.11656,12526.45789,14781.38649,1966591.673,1953383.546,1980650.523,projected,-18.684345,,,,
1,09-01-2021,53031,Global,projected,13592.93554,12408.8819,14878.47788,1980184.609,1965940.167,1995099.862,13592.93554,12408.8819,14878.47788,1980184.609,1965940.167,1995099.862,projected,-18.70709719,,,,
1,10-01-2021,53032,Global,projected,13497.2276,12113.52184,14979.41368,1993681.836,1978270.391,2009886.647,13497.2276,12113.52184,14979.41368,1993681.836,1978270.391,2009886.647,projected,-18.72568189,,,,
1,11-01-2021,53033,Global,projected,13302.99273,11782.72832,15015.57504,2006984.829,1990268.151,2024367.748,13302.99273,11782.72832,15015.57504,2006984.829,1990268.151,2024367.748,projected,-18.72926347,,,,
1,12-01-2021,53034,Global,projected,12997.80352,11346.95491,14898.00836,2019982.633,2002125.732,2039026.491,12997.80352,11346.95491,14898.00836,2019982.633,2002125.732,2039026.491,projected,-18.72628846,,,,
1,13-01-2021,53035,Global,projected,12589.34117,10860.26474,14641.84349,2032571.974,2013080.696,2053651.414,12589.34117,10860.26474,14641.84349,2032571.974,2013080.696,2053651.414,projected,-18.72245711,,,,
1,14-01-2021,53036,Global,projected,12159.06353,10556.03855,14222.37187,2044731.037,2023737.54,2067703.753,12159.06353,10556.03855,14222.37187,2044731.037,2023737.54,2067703.753,projected,-18.71803323,,,,
1,15-01-2021,53037,Global,projected,11767.57162,10299.57777,13772.06759,2056498.609,2034100.521,2081040.408,11767.57162,10299.57777,13772.06759,2056498.609,2034100.521,2081040.408,projected,-18.71404777,,,,
1,16-01-2021,53038,Global,projected,11395.58439,10079.69122,13105.01123,2067894.193,2044500.193,2094135.996,11395.58439,10079.69122,13105.01123,2067894.193,2044500.193,2094135.996,projected,-18.7089449,,,,
1,17-01-2021,53039,Global,projected,11096.82881,9874.565338,12452.20953,2078991.022,2054772.799,2106534.003,11096.82881,9874.565338,12452.20953,2078991.022,2054772.799,2106534.003,projected,-18.70441795,,,,
1,18-01-2021,53040,Global,projected,10887.18094,9649.708114,12280.89603,2089878.203,2064452.138,2118554.216,10887.18094,9649.708114,12280.89603,2089878.203,2064452.138,2118554.216,projected,-18.70074782,,,,
1,19-01-2021,53041,Global,projected,10681.74877,9441.21859,12119.54023,2100559.952,2073957.439,2130772.198,10681.74877,9441.21859,12119.54023,2100559.952,2073957.439,2130772.198,projected,-18.6971303,,,,
1,20-01-2021,53042,Global,projected,10472.955,9218.316099,11886.53429,2111032.907,2083668.689,2142526.309,10472.955,9218.316099,11886.53429,2111032.907,2083668.689,2142526.309,projected,-18.68993469,,,,
1,21-01-2021,53043,Global,projected,10267.4307,9032.449295,11690.91194,2121300.338,2092982.073,2153857.385,10267.4307,9032.449295,11690.91194,2121300.338,2092982.073,2153857.385,projected,-18.6839108,,,,
1,22-01-2021,53044,Global,projected,10066.70085,8868.409349,11471.09478,2131367.038,2101957.777,2165077.019,10066.70085,8868.409349,11471.09478,2131367.038,2101957.777,2165077.019,projected,-18.67919399,,,,
1,23-01-2021,53045,Global,projected,9876.941953,8677.840849,11240.11914,2141243.98,2110811.954,2176004.08,9876.941953,8677.840849,11240.11914,2141243.98,2110811.954,2176004.08,projected,-18.67226389,,,,
1,24-01-2021,53046,Global,projected,9699.587226,8527.469327,11039.14375,2150943.568,2119620.357,2186743.375,9699.587226,8527.469327,11039.14375,2150943.568,2119620.357,2186743.375,projected,-18.66418521,,,,
1,25-01-2021,53047,Global,projected,9530.001639,8373.260133,10843.91958,2160473.569,2128528.098,2197278.541,9530.001639,8373.260133,10843.91958,2160473.569,2128528.098,2197278.541,projected,-18.65670144,,,,
1,26-01-2021,53048,Global,projected,9369.304928,8224.500571,10654.82854,2169842.874,2136791.988,2207714.822,9369.304928,8224.500571,10654.82854,2169842.874,2136791.988,2207714.822,projected,-18.65045873,,,,
1,27-01-2021,53049,Global,projected,9218.103312,8057.643379,10526.88308,2179060.978,2145193.069,2218082.111,9218.103312,8057.643379,10526.88308,2179060.978,2145193.069,2218082.111,projected,-18.644567,,,,
1,28-01-2021,53050,Global,projected,9075.965129,7935.057969,10390.01247,2188136.943,2153196.857,2228246.17,9075.965129,7935.057969,10390.01247,2188136.943,2153196.857,2228246.17,projected,-18.63694605,,,,
1,29-01-2021,53051,Global,projected,8941.194999,7804.548052,10239.08406,2197078.138,2161400.365,2238144.573,8941.194999,7804.548052,10239.08406,2197078.138,2161400.365,2238144.573,projected,-18.62925121,,,,
1,30-01-2021,53052,Global,projected,8813.833301,7670.599893,10136.78801,2205891.971,2169208.517,2247844.156,8813.833301,7670.599893,10136.78801,2205891.971,2169208.517,2247844.156,projected,-18.61930352,,,,
1,31-01-2021,53053,Global,projected,8693.808072,7550.853784,10001.95856,2214585.779,2177363.1,2257896.755,8693.808072,7550.853784,10001.95856,2214585.779,2177363.1,2257896.755,projected,-18.61044472,,,,
1,01-02-2021,53054,Global,projected,8578.772714,7433.715863,9930.351355,2223164.552,2185380.121,2267658.449,8578.772714,7433.715863,9930.351355,2223164.552,2185380.121,2267658.449,projected,-18.60198685,,,,
1,02-02-2021,53055,Global,projected,8467.375467,7313.476463,9827.337881,2231631.927,2192795.225,2277716.302,8467.375467,7313.476463,9827.337881,2231631.927,2192795.225,2277716.302,projected,-18.59310785,,,,
1,03-02-2021,53056,Global,projected,8360.101438,7216.534272,9734.803085,2239992.029,2200052.963,2287661.703,8360.101438,7216.534272,9734.803085,2239992.029,2200052.963,2287661.703,projected,-18.58398222,,,,
1,04-02-2021,53057,Global,projected,8256.310882,7122.401834,9656.346891,2248248.34,2207309.973,2296945.415,8256.310882,7122.401834,9656.346891,2248248.34,2207309.973,2296945.415,projected,-18.57495967,,,,
1,05-02-2021,53058,Global,projected,8156.247789,7002.190513,9574.649487,2256404.587,2214241.154,2305966.728,8156.247789,7002.190513,9574.649487,2256404.587,2214241.154,2305966.728,projected,-18.55444195,,,,
1,06-02-2021,53059,Global,projected,8059.794277,6903.079644,9468.623931,2264464.382,2221438.049,2315125.657,8059.794277,6903.079644,9468.623931,2264464.382,2221438.049,2315125.657,projected,-18.53785641,,,,
1,07-02-2021,53060,Global,projected,7966.24764,6811.038631,9366.468787,2272430.629,2228385.361,2324197.585,7966.24764,6811.038631,9366.468787,2272430.629,2228385.361,2324197.585,projected,-18.52283209,,,,
1,08-02-2021,53061,Global,projected,7875.523298,6721.539001,9308.47331,2280306.153,2235257.447,2333686.943,7875.523298,6721.539001,9308.47331,2280306.153,2235257.447,2333686.943,projected,-18.50193707,,,,
1,09-02-2021,53062,Global,projected,7787.444115,6624.025996,9228.923507,2288093.597,2242060.193,2342836.512,7787.444115,6624.025996,9228.923507,2288093.597,2242060.193,2342836.512,projected,-18.48189993,,,,
1,10-02-2021,53063,Global,projected,7701.63788,6537.142045,9149.624395,2295795.235,2248790.204,2351618.267,7701.63788,6537.142045,9149.624395,2295795.235,2248790.204,2351618.267,projected,-18.46436029,,,,
1,11-02-2021,53064,Global,projected,7617.963612,6440.645178,9075.764108,2303413.198,2255430.374,2360267.928,7617.963612,6440.645178,9075.764108,2303413.198,2255430.374,2360267.928,projected,-18.44169776,,,,
1,12-02-2021,53065,Global,projected,7536.433083,6336.491619,9016.476931,2310949.631,2261975.742,2368822.724,7536.433083,6336.491619,9016.476931,2310949.631,2261975.742,2368822.724,projected,-18.42334952,,,,
1,13-02-2021,53066,Global,projected,7456.743554,6245.662384,8944.860616,2318406.375,2268226.558,2377727.406,7456.743554,6245.662384,8944.860616,2318406.375,2268226.558,2377727.406,projected,-18.40293017,,,,
1,14-02-2021,53067,Global,projected,7378.990449,6157.824185,8877.188936,2325785.365,2274495.777,2385610.932,7378.990449,6157.824185,8877.188936,2325785.365,2274495.777,2385610.932,projected,-18.38022756,,,,
1,15-02-2021,53068,Global,projected,7303.748426,6076.227341,8819.31634,2333089.114,2280602.466,2393818.842,7303.748426,6076.227341,8819.31634,2333089.114,2280602.466,2393818.842,projected,-18.35638115,,,,
1,16-02-2021,53069,Global,projected,7231.016673,5998.143122,8773.293045,2340320.13,2287153.484,2401971.328,7231.016673,5998.143122,8773.293045,2340320.13,2287153.484,2401971.328,projected,-18.3303302,,,,
1,17-02-2021,53070,Global,projected,7160.099406,5929.058343,8737.281818,2347480.23,2292755.141,2410021.867,7160.099406,5929.058343,8737.281818,2347480.23,2292755.141,2410021.867,projected,-18.30555132,,,,
1,18-02-2021,53071,Global,projected,7090.410041,5841.274001,8704.874011,2354570.64,2298721.883,2418648.752,7090.410041,5841.274001,8704.874011,2354570.64,2298721.883,2418648.752,projected,-18.27659308,,,,
1,19-02-2021,53072,Global,projected,7021.352563,5758.121438,8657.067227,2361591.992,2304630.037,2427852.037,7021.352563,5758.121438,8657.067227,2361591.992,2304630.037,2427852.037,projected,-18.25275363,,,,
1,20-02-2021,53073,Global,projected,6951.527524,5681.039799,8601.512876,2368543.52,2310477.547,2435482.346,6951.527524,5681.039799,8601.512876,2368543.52,2310477.547,2435482.346,projected,-18.22911719,,,,
1,21-02-2021,53074,Global,projected,6882.596549,5599.884501,8588.361449,2375426.116,2316583.898,2443128.438,6882.596549,5599.884501,8588.361449,2375426.116,2316583.898,2443128.438,projected,-18.20251761,,,,
1,22-02-2021,53075,Global,projected,6814.230122,5515.607581,8534.9797,2382240.347,2322345.896,2451532.936,6814.230122,5515.607581,8534.9797,2382240.347,2322345.896,2451532.936,projected,-18.17496765,,,,
1,23-02-2021,53076,Global,projected,6744.628544,5432.680062,8452.846763,2388984.975,2327977.199,2459900.741,6744.628544,5432.680062,8452.846763,2388984.975,2327977.199,2459900.741,projected,-18.15131853,,,,
1,24-02-2021,53077,Global,projected,6675.841847,5352.422615,8374.79061,2395660.817,2333712.449,2468235.656,6675.841847,5352.422615,8374.79061,2395660.817,2333712.449,2468235.656,projected,-18.12800918,,,,
1,25-02-2021,53078,Global,projected,6605.731797,5274.294582,8312.538502,2402266.549,2339376.801,2476540.656,6605.731797,5274.294582,8312.538502,2402266.549,2339376.801,2476540.656,projected,-18.10331616,,,,
1,26-02-2021,53079,Global,projected,6533.646779,5197.860872,8262.588223,2408800.195,2344623.411,2484816.383,6533.646779,5197.860872,8262.588223,2408800.195,2344623.411,2484816.383,projected,-18.08124378,,,,
1,27-02-2021,53080,Global,projected,6461.024645,5121.364197,8170.184861,2415261.22,2349542.292,2492961.994,6461.024645,5121.364197,8170.184861,2415261.22,2349542.292,2492961.994,projected,-18.0601515,,,,
1,28-02-2021,53081,Global,projected,6385.419657,5051.035693,8068.496902,2421646.64,2354725.668,2500781.121,6385.419657,5051.035693,8068.496902,2421646.64,2354725.668,2500781.121,projected,-18.03444263,,,,
1,01-03-2021,53082,Global,projected,6306.584304,4990.642713,7979.257251,2427953.224,2359844.775,2508521.301,6306.584304,4990.642713,7979.257251,2427953.224,2359844.775,2508521.301,projected,-18.0078692,,,,
1,02-03-2021,53083,Global,projected,6228.124007,4911.48136,7896.097137,2434181.348,2364556.552,2516177.167,6228.124007,4911.48136,7896.097137,2434181.348,2364556.552,2516177.167,projected,-17.98197422,,,,
1,03-03-2021,53084,Global,projected,6149.502212,4829.283731,7820.428819,2440330.85,2370152.071,2523742.74,6149.502212,4829.283731,7820.428819,2440330.85,2370152.071,2523742.74,projected,-17.95502001,,,,
1,04-03-2021,53085,Global,projected,6069.258308,4746.289614,7736.908619,2446400.109,2375014.773,2531235.39,6069.258308,4746.289614,7736.908619,2446400.109,2375014.773,2531235.39,projected,-17.92926497,,,,
1,05-03-2021,53086,Global,projected,5988.203739,4663.616035,7622.56393,2452388.312,2379784.171,2538522.818,5988.203739,4663.616035,7622.56393,2452388.312,2379784.171,2538522.818,projected,-17.90698588,,,,
1,06-03-2021,53087,Global,projected,5904.55441,4584.466935,7545.211427,2458292.867,2384993.268,2545382.966,5904.55441,4584.466935,7545.211427,2458292.867,2384993.268,2545382.966,projected,-17.88397635,,,,
1,07-03-2021,53088,Global,projected,5818.928768,4505.819468,7451.267933,2464111.796,2389858.531,2552147.43,5818.928768,4505.819468,7451.267933,2464111.796,2389858.531,2552147.43,projected,-17.8568222,,,,
1,08-03-2021,53089,Global,projected,5733.591977,4428.788233,7342.115682,2469845.388,2394608.261,2559588.188,5733.591977,4428.788233,7342.115682,2469845.388,2394608.261,2559588.188,projected,-17.82820672,,,,
1,09-03-2021,53090,Global,projected,5647.821593,4352.175517,7194.419029,2475493.209,2399316.17,2567590.724,5647.821593,4352.175517,7194.419029,2475493.209,2399316.17,2567590.724,projected,-17.79857717,,,,
1,10-03-2021,53091,Global,projected,5560.244832,4276.417759,7129.876752,2481053.454,2404672.691,2574643.016,5560.244832,4276.417759,7129.876752,2481053.454,2404672.691,2574643.016,projected,-17.77038719,,,,
1,11-03-2021,53092,Global,projected,5472.7882,4207.273155,7045.051332,2486526.242,2409210.002,2580988.943,5472.7882,4207.273155,7045.051332,2486526.242,2409210.002,2580988.943,projected,-17.74223441,,,,
1,12-03-2021,53093,Global,projected,5383.943599,4130.356466,6928.579218,2491910.186,2413603.474,2587711.299,5383.943599,4130.356466,6928.579218,2491910.186,2413603.474,2587711.299,projected,-17.71588498,,,,
1,13-03-2021,53094,Global,projected,5294.045056,4052.386928,6803.96852,2497204.231,2417747.4,2594504.526,5294.045056,4052.386928,6803.96852,2497204.231,2417747.4,2594504.526,projected,-17.68945652,,,,
1,14-03-2021,53095,Global,projected,5203.655743,3975.446291,6711.997241,2502407.887,2422168.545,2600892.412,5203.655743,3975.446291,6711.997241,2502407.887,2422168.545,2600892.412,projected,-17.66537624,,,,
1,15-03-2021,53096,Global,projected,5112.65775,3900.661671,6600.947995,2507520.544,2426344.617,2607104.351,5112.65775,3900.661671,6600.947995,2507520.544,2426344.617,2607104.351,projected,-17.63429224,,,,
1,16-03-2021,53097,Global,projected,5023.671627,3838.841099,6483.849008,2512544.216,2430448.079,2612642.276,5023.671627,3838.841099,6483.849008,2512544.216,2430448.079,2612642.276,projected,-17.6029025,,,,
1,17-03-2021,53098,Global,projected,4934.312698,3778.501865,6342.162455,2517478.529,2434476.847,2617784.96,4934.312698,3778.501865,6342.162455,2517478.529,2434476.847,2617784.96,projected,-17.57145808,,,,
1,18-03-2021,53099,Global,projected,4843.317243,3709.581751,6240.06385,2522321.846,2438429.391,2623171.476,4843.317243,3709.581751,6240.06385,2522321.846,2438429.391,2623171.476,projected,-17.53998257,,,,
1,19-03-2021,53100,Global,projected,4751.210777,3642.207197,6097.445503,2527073.057,2442385.747,2629283.743,4751.210777,3642.207197,6097.445503,2527073.057,2442385.747,2629283.743,projected,-17.51150811,,,,
1,20-03-2021,53101,Global,projected,4658.486405,3573.69958,5987.904459,2531731.543,2446096.286,2635283.909,4658.486405,3573.69958,5987.904459,2531731.543,2446096.286,2635283.909,projected,-17.48315271,,,,
1,21-03-2021,53102,Global,projected,4566.992656,3500.523966,5874.188122,2536298.536,2449814.882,2640836.271,4566.992656,3500.523966,5874.188122,2536298.536,2449814.882,2640836.271,projected,-17.44991141,,,,
1,22-03-2021,53103,Global,projected,4477.212393,3429.834242,5774.4926,2540775.748,2453465.261,2645927.721,4477.212393,3429.834242,5774.4926,2540775.748,2453465.261,2645927.721,projected,-17.41746862,,,,
1,23-03-2021,53104,Global,projected,4387.842383,3360.576274,5665.446305,2545163.59,2457047.324,2650904.486,4387.842383,3360.576274,5665.446305,2545163.59,2457047.324,2650904.486,projected,-17.38387911,,,,
1,24-03-2021,53105,Global,projected,4299.743006,3290.576317,5548.713318,2549463.333,2460560.395,2655862.264,4299.743006,3290.576317,5548.713318,2549463.333,2460560.395,2655862.264,projected,-17.35106842,,,,
1,25-03-2021,53106,Global,projected,4213.566328,3222.722781,5426.049496,2553676.9,2464004.953,2661510.426,4213.566328,3222.722781,5426.049496,2553676.9,2464004.953,2661510.426,projected,-17.31689879,,,,
1,26-03-2021,53107,Global,projected,4126.837915,3154.88499,5307.993296,2557803.738,2467382.053,2667063.452,4126.837915,3154.88499,5307.993296,2557803.738,2467382.053,2667063.452,projected,-17.28769947,,,,
1,27-03-2021,53108,Global,projected,4039.259717,3087.219773,5206.680975,2561842.997,2470707.893,2672389.025,4039.259717,3087.219773,5206.680975,2561842.997,2470707.893,2672389.025,projected,-17.25779035,,,,
1,28-03-2021,53109,Global,projected,3953.453216,3020.359133,5112.298424,2565796.451,2473968.192,2677021.057,3953.453216,3020.359133,5112.298424,2565796.451,2473968.192,2677021.057,projected,-17.22276755,,,,
1,29-03-2021,53110,Global,projected,3870.032718,2953.375294,5016.270513,2569666.483,2477164.725,2681551.718,3870.032718,2953.375294,5016.270513,2569666.483,2477164.725,2681551.718,projected,-17.18907525,,,,
1,30-03-2021,53111,Global,projected,3787.554212,2888.218456,4916.558931,2573454.038,2480296.747,2685984.151,3787.554212,2888.218456,4916.558931,2573454.038,2480296.747,2685984.151,projected,-17.1536772,,,,
1,31-03-2021,53112,Global,projected,3705.384729,2827.062434,4811.858906,2577159.422,2483363.556,2690266.323,3705.384729,2827.062434,4811.858906,2577159.422,2483363.556,2690266.323,projected,-17.11926571,,,,
1,01-04-2021,53113,Global,projected,3624.304522,2767.343211,4705.206747,2580783.727,2486365.805,2694727.521,3624.304522,2767.343211,4705.206747,2580783.727,2486365.805,2694727.521,projected,-17.08532716,,,,
163,01-01-2021,65713,India,projected,362.6561629,326.5041444,410.3904655,149086.4764,148715.1873,149591.7487,362.6561629,326.5041444,410.3904655,149086.4764,148715.1873,149591.7487,projected,-16.58946273,,,,
163,02-01-2021,65714,India,projected,365.5236205,328.3285742,414.1427521,149452.0001,149042.9955,150006.8634,365.5236205,328.3285742,414.1427521,149452.0001,149042.9955,150006.8634,projected,-16.54274465,,,,
163,03-01-2021,65715,India,projected,368.1879363,329.8751538,418.5107972,149820.188,149374.282,150426.2087,368.1879363,329.8751538,418.5107972,149820.188,149374.282,150426.2087,projected,-16.52014543,,,,
163,04-01-2021,65716,India,projected,370.8426782,330.8460065,423.3438888,150191.0307,149707.1356,150850.1202,370.8426782,330.8460065,423.3438888,150191.0307,149707.1356,150850.1202,projected,-16.49753566,,,,
163,05-01-2021,65717,India,projected,373.719603,331.7535284,427.6638781,150564.7503,150039.6082,151278.9491,373.719603,331.7535284,427.6638781,150564.7503,150039.6082,151278.9491,projected,-16.47491543,,,,
163,06-01-2021,65718,India,projected,376.8090866,333.2120906,431.6360363,150941.5594,150378.0455,151712.8979,376.8090866,333.2120906,431.6360363,150941.5594,150378.0455,151712.8979,projected,-16.45228483,,,,
163,07-01-2021,65719,India,projected,379.5319971,333.8564563,435.8012114,151321.0914,150716.3084,152152.0632,379.5319971,333.8564563,435.8012114,151321.0914,150716.3084,152152.0632,projected,-16.42964396,,,,
163,08-01-2021,65720,India,projected,381.1186673,332.5175413,440.0437361,151702.21,151049.9739,152596.999,381.1186673,332.5175413,440.0437361,151702.21,151049.9739,152596.999,projected,-16.40245691,,,,
163,09-01-2021,65721,India,projected,381.3224126,329.1492119,441.5421583,152083.5324,151383.8065,153032.0235,381.3224126,329.1492119,441.5421583,152083.5324,151383.8065,153032.0235,projected,-16.37285784,,,,
163,10-01-2021,65722,India,projected,380.059086,324.6489241,443.9764877,152463.5915,151709.8888,153468.4082,380.059086,324.6489241,443.9764877,152463.5915,151709.8888,153468.4082,projected,-16.34552714,,,,
163,11-01-2021,65723,India,projected,377.1086331,319.7381774,443.4088656,152840.7002,152029.4699,153901.0566,377.1086331,319.7381774,443.4088656,152840.7002,152029.4699,153901.0566,projected,-16.31818237,,,,
163,12-01-2021,65724,India,projected,372.9367046,314.0468714,440.8679527,153213.6369,152347.6539,154328.5542,372.9367046,314.0468714,440.8679527,153213.6369,152347.6539,154328.5542,projected,-16.29082369,,,,
163,13-01-2021,65725,India,projected,368.2195074,308.0044325,438.2442697,153581.8564,152666.8752,154743.1138,368.2195074,308.0044325,438.2442697,153581.8564,152666.8752,154743.1138,projected,-16.26345125,,,,
163,14-01-2021,65726,India,projected,363.4875068,302.6285579,434.2583801,153945.3439,152989.1303,155157.0114,363.4875068,302.6285579,434.2583801,153945.3439,152989.1303,155157.0114,projected,-16.23606521,,,,
163,15-01-2021,65727,India,projected,359.3344554,300.1090418,430.3070722,154304.6783,153289.578,155577.7769,359.3344554,300.1090418,430.3070722,154304.6783,153289.578,155577.7769,projected,-16.20642043,,,,
163,16-01-2021,65728,India,projected,355.8617184,296.1836988,426.4392188,154660.54,153590.6965,155987.4462,355.8617184,296.1836988,426.4392188,154660.54,153590.6965,155987.4462,projected,-16.17452041,,,,
163,17-01-2021,65729,India,projected,353.1373994,293.8881575,422.9826677,155013.6774,153885.1264,156401.4388,353.1373994,293.8881575,422.9826677,155013.6774,153885.1264,156401.4388,projected,-16.14265853,,,,
163,18-01-2021,65730,India,projected,351.321264,291.2513684,421.0193345,155364.9987,154172.6859,156813.96,351.321264,291.2513684,421.0193345,155364.9987,154172.6859,156813.96,projected,-16.1107794,,,,
163,19-01-2021,65731,India,projected,349.9841848,289.0163178,420.5834821,155714.9829,154461.9109,157233.0012,349.9841848,289.0163178,420.5834821,155714.9829,154461.9109,157233.0012,projected,-16.07888326,,,,
163,20-01-2021,65732,India,projected,348.6251405,286.906461,421.3201985,156063.608,154749.186,157649.083,348.6251405,286.906461,421.3201985,156063.608,154749.186,157649.083,projected,-16.04697035,,,,
163,21-01-2021,65733,India,projected,347.3545543,285.1699758,420.948057,156410.9626,155035.7228,158046.277,347.3545543,285.1699758,420.948057,156410.9626,155035.7228,158046.277,projected,-16.01506586,,,,
163,22-01-2021,65734,India,projected,346.2012954,283.1692998,421.0510125,156757.1639,155318.5066,158463.2452,346.2012954,283.1692998,421.0510125,156757.1639,155318.5066,158463.2452,projected,-15.98306363,,,,
163,23-01-2021,65735,India,projected,345.2491908,280.7820417,421.7737245,157102.4131,155604.7215,158879.4438,345.2491908,280.7820417,421.7737245,157102.4131,155604.7215,158879.4438,projected,-15.94898136,,,,
163,24-01-2021,65736,India,projected,344.5036562,279.3255465,421.8995561,157446.9167,155882.5791,159298.2797,344.5036562,279.3255465,421.8995561,157446.9167,155882.5791,159298.2797,projected,-15.91288232,,,,
163,25-01-2021,65737,India,projected,343.8675536,278.114302,420.9543726,157790.7843,156161.5444,159715.6301,343.8675536,278.114302,420.9543726,157790.7843,156161.5444,159715.6301,projected,-15.87671368,,,,
163,26-01-2021,65738,India,projected,343.3431008,276.7137552,420.3739147,158134.1274,156440.0681,160127.1447,343.3431008,276.7137552,420.3739147,158134.1274,156440.0681,160127.1447,projected,-15.8405757,,,,
163,27-01-2021,65739,India,projected,342.9384697,275.3075456,421.7287225,158477.0659,156717.5943,160540.6879,342.9384697,275.3075456,421.7287225,158477.0659,156717.5943,160540.6879,projected,-15.80441881,,,,
163,28-01-2021,65740,India,projected,342.6514686,273.7625976,423.140953,158819.7173,156990.9993,160955.5563,342.6514686,273.7625976,423.140953,158819.7173,156990.9993,160955.5563,projected,-15.76831844,,,,
163,29-01-2021,65741,India,projected,342.4910798,272.3503388,424.7151974,159162.2084,157265.215,161370.5513,342.4910798,272.3503388,424.7151974,159162.2084,157265.215,161370.5513,projected,-15.73426012,,,,
163,30-01-2021,65742,India,projected,342.4454186,271.4471233,426.760513,159504.6538,157538.902,161801.1992,342.4454186,271.4471233,426.760513,159504.6538,157538.902,161801.1992,projected,-15.69831206,,,,
163,31-01-2021,65743,India,projected,342.4691149,270.500402,428.9800573,159847.1229,157812.1019,162237.9079,342.4691149,270.500402,428.9800573,159847.1229,157812.1019,162237.9079,projected,-15.65826048,,,,
163,01-02-2021,65744,India,projected,342.5369914,269.6913441,430.9440079,160189.6599,158092.88,162661.2293,342.5369914,269.6913441,430.9440079,160189.6599,158092.88,162661.2293,projected,-15.61818805,,,,
163,02-02-2021,65745,India,projected,342.6400823,269.2025565,432.5073304,160532.3,158368.8313,163086.233,342.6400823,269.2025565,432.5073304,160532.3,158368.8313,163086.233,projected,-15.57817056,,,,
163,03-02-2021,65746,India,projected,342.7706058,268.4035534,433.9193093,160875.0706,158637.5346,163519.4957,342.7706058,268.4035534,433.9193093,160875.0706,158637.5346,163519.4957,projected,-15.5383091,,,,
163,04-02-2021,65747,India,projected,342.9163811,267.6367388,435.994529,161217.987,158901.7993,163945.2429,342.9163811,267.6367388,435.994529,161217.987,158901.7993,163945.2429,projected,-15.49840342,,,,
163,05-02-2021,65748,India,projected,343.0720484,266.9764019,437.7832226,161561.0591,159167.482,164372.0762,343.0720484,266.9764019,437.7832226,161561.0591,159167.482,164372.0762,projected,-15.46241556,,,,
163,06-02-2021,65749,India,projected,343.2437058,266.2830588,438.303866,161904.3028,159442.9989,164828.305,343.2437058,266.2830588,438.303866,161904.3028,159442.9989,164828.305,projected,-15.42468928,,,,
163,07-02-2021,65750,India,projected,343.4492486,265.5364347,440.1759752,162247.752,159711.8361,165267.8947,343.4492486,265.5364347,440.1759752,162247.752,159711.8361,165267.8947,projected,-15.38118193,,,,
163,08-02-2021,65751,India,projected,343.6948997,264.9134823,442.4588706,162591.4469,159977.189,165708.6985,343.6948997,264.9134823,442.4588706,162591.4469,159977.189,165708.6985,projected,-15.33790616,,,,
163,09-02-2021,65752,India,projected,343.9625964,264.2191192,444.8063562,162935.4095,160241.5792,166130.6993,343.9625964,264.2191192,444.8063562,162935.4095,160241.5792,166130.6993,projected,-15.29451016,,,,
163,10-02-2021,65753,India,projected,344.2376087,263.7746841,447.1918891,163279.6471,160506.0956,166568.837,344.2376087,263.7746841,447.1918891,163279.6471,160506.0956,166568.837,projected,-15.25107004,,,,
163,11-02-2021,65754,India,projected,344.5173188,263.2327239,449.5823068,163624.1644,160772.2533,167015.7802,344.5173188,263.2327239,449.5823068,163624.1644,160772.2533,167015.7802,projected,-15.20768734,,,,
163,12-02-2021,65755,India,projected,344.7969564,262.7120499,451.938991,163968.9614,161037.8808,167463.5184,344.7969564,262.7120499,451.938991,163968.9614,161037.8808,167463.5184,projected,-15.16979172,,,,
163,13-02-2021,65756,India,projected,345.0720194,262.212282,454.2292202,164314.0334,161302.9989,167887.6849,345.0720194,262.212282,454.2292202,164314.0334,161302.9989,167887.6849,projected,-15.13036677,,,,
163,14-02-2021,65757,India,projected,345.3588215,261.7508942,456.4498854,164659.3922,161567.6261,168363.5186,345.3588215,261.7508942,456.4498854,164659.3922,161567.6261,168363.5186,projected,-15.08360507,,,,
163,15-02-2021,65758,India,projected,345.6629143,261.308907,458.2307373,165005.0551,161831.8051,168813.0725,345.6629143,261.308907,458.2307373,165005.0551,161831.8051,168813.0725,projected,-15.0368733,,,,
163,16-02-2021,65759,India,projected,345.9592527,260.8133497,459.9602714,165351.0144,162095.3618,169240.7486,345.9592527,260.8133497,459.9602714,165351.0144,162095.3618,169240.7486,projected,-14.98992386,,,,
163,17-02-2021,65760,India,projected,346.2300236,260.2822787,460.7081404,165697.2444,162354.8723,169657.0091,346.2300236,260.2822787,460.7081404,165697.2444,162354.8723,169657.0091,projected,-14.94331008,,,,
163,18-02-2021,65761,India,projected,346.4817411,259.7588371,462.9202522,166043.7262,162613.8184,170116.3641,346.4817411,259.7588371,462.9202522,166043.7262,162613.8184,170116.3641,projected,-14.89657931,,,,
163,19-02-2021,65762,India,projected,346.6976462,259.3543753,465.510038,166390.4238,162872.3998,170553.8631,346.6976462,259.3543753,465.510038,166390.4238,162872.3998,170553.8631,projected,-14.85716683,,,,
163,20-02-2021,65763,India,projected,346.8744341,259.1545379,467.5843306,166737.2982,163145.5641,170974.3082,346.8744341,259.1545379,467.5843306,166737.2982,163145.5641,170974.3082,projected,-14.81633521,,,,
163,21-02-2021,65764,India,projected,347.043516,258.9894751,469.1138563,167084.3418,163405.6843,171395.7344,347.043516,258.9894751,469.1138563,167084.3418,163405.6843,171395.7344,projected,-14.76656896,,,,
163,22-02-2021,65765,India,projected,347.1983467,258.4961767,470.5463623,167431.5401,163667.9717,171849.4902,347.1983467,258.4961767,470.5463623,167431.5401,163667.9717,171849.4902,projected,-14.71658455,,,,
163,23-02-2021,65766,India,projected,347.3247074,257.8720177,471.5605991,167778.8648,163928.188,172324.8758,347.3247074,257.8720177,471.5605991,167778.8648,163928.188,172324.8758,projected,-14.66676421,,,,
163,24-02-2021,65767,India,projected,347.4164554,257.1638892,472.5755732,168126.2813,164187.8674,172776.2738,347.4164554,257.1638892,472.5755732,168126.2813,164187.8674,172776.2738,projected,-14.61688007,,,,
163,25-02-2021,65768,India,projected,347.441984,256.4209158,473.8653414,168473.7232,164434.0876,173208.3473,347.441984,256.4209158,473.8653414,168473.7232,164434.0876,173208.3473,projected,-14.56713535,,,,
163,26-02-2021,65769,India,projected,347.3653141,255.8964311,475.9277011,168821.0886,164689.542,173677.8075,347.3653141,255.8964311,475.9277011,168821.0886,164689.542,173677.8075,projected,-14.52666492,,,,
163,27-02-2021,65770,India,projected,347.1733925,255.2892927,477.4040769,169168.262,164944.7914,174129.9661,347.1733925,255.2892927,477.4040769,169168.262,164944.7914,174129.9661,projected,-14.48423336,,,,
163,28-02-2021,65771,India,projected,346.9120065,254.6097267,478.6832195,169515.174,165199.4053,174582.0103,346.9120065,254.6097267,478.6832195,169515.174,165199.4053,174582.0103,projected,-14.43185513,,,,
163,01-03-2021,65772,India,projected,346.6125261,253.890683,479.5015649,169861.7865,165453.3706,175073.3944,346.6125261,253.890683,479.5015649,169861.7865,165453.3706,175073.3944,projected,-14.37987438,,,,
163,02-03-2021,65773,India,projected,346.2713264,253.2034459,480.1164703,170208.0578,165703.8609,175568.7988,346.2713264,253.2034459,480.1164703,170208.0578,165703.8609,175568.7988,projected,-14.32783547,,,,
163,03-03-2021,65774,India,projected,345.8692875,252.7259866,481.5203829,170553.9271,165952.3943,176041.9778,345.8692875,252.7259866,481.5203829,170553.9271,165952.3943,176041.9778,projected,-14.27568815,,,,
163,04-03-2021,65775,India,projected,345.4097731,252.1646194,482.5593284,170899.3369,166208.681,176495.2935,345.4097731,252.1646194,482.5593284,170899.3369,166208.681,176495.2935,projected,-14.22361264,,,,
163,05-03-2021,65776,India,projected,344.858531,251.4000291,482.8886795,171244.1954,166463.6419,176948.3629,344.858531,251.4000291,482.8886795,171244.1954,166463.6419,176948.3629,projected,-14.18126756,,,,
163,06-03-2021,65777,India,projected,344.1950155,250.6134786,483.6218359,171588.3904,166714.1709,177400.9504,344.1950155,250.6134786,483.6218359,171588.3904,166714.1709,177400.9504,projected,-14.13831362,,,,
163,07-03-2021,65778,India,projected,343.4789886,249.8006795,483.1760564,171931.8694,166954.9888,177854.7845,343.4789886,249.8006795,483.1760564,171931.8694,166954.9888,177854.7845,projected,-14.08375962,,,,
163,08-03-2021,65779,India,projected,342.7493652,248.9713752,483.0907191,172274.6188,167187.4275,178323.7682,342.7493652,248.9713752,483.0907191,172274.6188,167187.4275,178323.7682,projected,-14.0292965,,,,
163,09-03-2021,65780,India,projected,341.9667047,248.1856365,483.3687693,172616.5855,167428.4708,178792.2739,341.9667047,248.1856365,483.3687693,172616.5855,167428.4708,178792.2739,projected,-13.97509927,,,,
163,10-03-2021,65781,India,projected,341.1187272,247.4286166,483.6735458,172957.7042,167672.3329,179260.3484,341.1187272,247.4286166,483.6735458,172957.7042,167672.3329,179260.3484,projected,-13.92046713,,,,
163,11-03-2021,65782,India,projected,340.2194572,246.3579862,483.6903476,173297.9237,167921.2207,179728.0127,340.2194572,246.3579862,483.6903476,173297.9237,167921.2207,179728.0127,projected,-13.86604192,,,,
163,12-03-2021,65783,India,projected,339.236053,245.26524,483.4407425,173637.1597,168169.5837,180194.5424,339.236053,245.26524,483.4407425,173637.1597,168169.5837,180194.5424,projected,-13.82253324,,,,
163,13-03-2021,65784,India,projected,338.1328801,243.7530106,483.0928961,173975.2926,168416.8287,180659.6179,338.1328801,243.7530106,483.0928961,173975.2926,168416.8287,180659.6179,projected,-13.77810151,,,,
163,14-03-2021,65785,India,projected,336.9417047,242.2171678,482.6448866,174312.2343,168663.0152,181146.4427,336.9417047,242.2171678,482.6448866,174312.2343,168663.0152,181146.4427,projected,-13.72193867,,,,
163,15-03-2021,65786,India,projected,335.7231067,240.7167264,482.0966295,174647.9574,168908.749,181616.2971,335.7231067,240.7167264,482.0966295,174647.9574,168908.749,181616.2971,projected,-13.6653691,,,,
163,16-03-2021,65787,India,projected,334.4767874,239.7972477,481.603684,174982.4342,169171.2996,182072.7082,334.4767874,239.7972477,481.603684,174982.4342,169171.2996,182072.7082,projected,-13.60906553,,,,
163,17-03-2021,65788,India,projected,333.1552579,238.9165096,481.1412906,175315.5895,169412.7579,182549.1458,333.1552579,238.9165096,481.1412906,175315.5895,169412.7579,182549.1458,projected,-13.5526932,,,,
163,18-03-2021,65789,India,projected,331.719742,237.8716514,480.3484081,175647.3092,169649.2268,183024.4002,331.719742,237.8716514,480.3484081,175647.3092,169649.2268,183024.4002,projected,-13.49614914,,,,
163,19-03-2021,65790,India,projected,330.1562423,236.3184453,479.429675,175977.4654,169879.9615,183496.7707,330.1562423,236.3184453,479.429675,175977.4654,169879.9615,183496.7707,projected,-13.45147733,,,,
163,20-03-2021,65791,India,projected,328.4419412,234.7216414,478.694894,176305.9074,170115.3557,183967.3674,328.4419412,234.7216414,478.694894,176305.9074,170115.3557,183967.3674,projected,-13.40639762,,,,
163,21-03-2021,65792,India,projected,326.5918469,233.6683123,476.9528667,176632.4992,170351.9954,184461.789,326.5918469,233.6683123,476.9528667,176632.4992,170351.9954,184461.789,projected,-13.34849045,,,,
163,22-03-2021,65793,India,projected,324.6921721,231.7032758,474.5286381,176957.1914,170587.2162,184936.1565,324.6921721,231.7032758,474.5286381,176957.1914,170587.2162,184936.1565,projected,-13.29062433,,,,
163,23-03-2021,65794,India,projected,322.7824789,229.9055269,472.9052076,177279.9739,170820.8594,185383.5835,322.7824789,229.9055269,472.9052076,177279.9739,170820.8594,185383.5835,projected,-13.23274832,,,,
163,24-03-2021,65795,India,projected,320.7794809,228.2015815,471.3239402,177600.7534,171053.0157,185832.577,320.7794809,228.2015815,471.3239402,177600.7534,171053.0157,185832.577,projected,-13.17502114,,,,
163,25-03-2021,65796,India,projected,318.6815791,226.3501819,469.839791,177919.4349,171283.4442,186293.0085,318.6815791,226.3501819,469.839791,177919.4349,171283.4442,186293.0085,projected,-13.11731353,,,,
163,26-03-2021,65797,India,projected,316.5062501,224.0325597,468.5493306,178235.9412,171512.0595,186750.7708,316.5062501,224.0325597,468.5493306,178235.9412,171512.0595,186750.7708,projected,-13.07202038,,,,
163,27-03-2021,65798,India,projected,314.1989539,221.4075888,466.5236831,178550.1401,171737.6962,187205.6767,314.1989539,221.4075888,466.5236831,178550.1401,171737.6962,187205.6767,projected,-13.02648244,,,,
163,28-03-2021,65799,India,projected,311.803636,219.3325152,464.0679643,178861.9438,171961.2654,187658.3899,311.803636,219.3325152,464.0679643,178861.9438,171961.2654,187658.3899,projected,-12.96764767,,,,
163,29-03-2021,65800,India,projected,309.4028439,217.4416664,462.6261178,179171.3466,172182.9464,188143.5815,309.4028439,217.4416664,462.6261178,179171.3466,172182.9464,188143.5815,projected,-12.90883807,,,,
163,30-03-2021,65801,India,projected,306.9709926,215.7666503,461.0535618,179478.3176,172402.7041,188585.3036,306.9709926,215.7666503,461.0535618,179478.3176,172402.7041,188585.3036,projected,-12.8500555,,,,
163,31-03-2021,65802,India,projected,304.4665693,214.206432,459.1101815,179782.7842,172618.9751,189044.7141,304.4665693,214.206432,459.1101815,179782.7842,172618.9751,189044.7141,projected,-12.7913015,,,,
163,01-04-2021,65803,India,projected,301.9006876,212.514425,456.6260435,180084.6849,172831.7152,189502.3456,301.9006876,212.514425,456.6260435,180084.6849,172831.7152,189502.3456,projected,-12.73257674,,,,
4841,01-01-2021,5832,Andhra Pradesh,projected,3.47123968,2.41289414,4.632713271,7120.673818,7108.627576,7133.341517,3.47123968,2.41289414,4.632713271,7120.673818,7108.627576,7133.341517,projected,-12.30885791,,,,
4841,02-01-2021,5833,Andhra Pradesh,projected,3.464139148,2.380193942,4.659543535,7124.137957,7111.022466,7138.038379,3.464139148,2.380193942,4.659543535,7124.137957,7111.022466,7138.038379,projected,-12.24048437,,,,
4841,03-01-2021,5834,Andhra Pradesh,projected,3.45407149,2.344250313,4.692239316,7127.592028,7113.412914,7142.744885,3.45407149,2.344250313,4.692239316,7127.592028,7113.412914,7142.744885,projected,-12.20130034,,,,
4841,04-01-2021,5835,Andhra Pradesh,projected,3.442647517,2.30962219,4.715734752,7131.034676,7115.752233,7147.364557,3.442647517,2.30962219,4.715734752,7131.034676,7115.752233,7147.364557,projected,-12.16209129,,,,
4841,05-01-2021,5836,Andhra Pradesh,projected,3.431684244,2.272436182,4.736099245,7134.46636,7118.09148,7152.059202,3.431684244,2.272436182,4.736099245,7134.46636,7118.09148,7152.059202,projected,-12.12285745,,,,
4841,06-01-2021,5837,Andhra Pradesh,projected,3.421072828,2.238501008,4.758345339,7137.887433,7120.371862,7156.771606,3.421072828,2.238501008,4.758345339,7137.887433,7120.371862,7156.771606,projected,-12.08359903,,,,
4841,07-01-2021,5838,Andhra Pradesh,projected,3.403883813,2.199813231,4.774386752,7141.291317,7122.561339,7161.517371,3.403883813,2.199813231,4.774386752,7141.291317,7122.561339,7161.517371,projected,-12.04431628,,,,
4841,08-01-2021,5839,Andhra Pradesh,projected,3.371779996,2.147934466,4.787654575,7144.663097,7124.658005,7166.312066,3.371779996,2.147934466,4.787654575,7144.663097,7124.658005,7166.312066,projected,-11.99943498,,,,
4841,09-01-2021,5840,Andhra Pradesh,projected,3.322950736,2.094896122,4.768870756,7147.986048,7126.763208,7170.953342,3.322950736,2.094896122,4.768870756,7147.986048,7126.763208,7170.953342,projected,-11.95163611,,,,
4841,10-01-2021,5841,Andhra Pradesh,projected,3.257420795,2.018912714,4.713155022,7151.243468,7128.902226,7175.693143,3.257420795,2.018912714,4.713155022,7151.243468,7128.902226,7175.693143,projected,-11.90658014,,,,
4841,11-01-2021,5842,Andhra Pradesh,projected,3.173547885,1.941698334,4.652689276,7154.417016,7130.916911,7180.603893,3.173547885,1.941698334,4.652689276,7154.417016,7130.916911,7180.603893,projected,-11.86149362,,,,
4841,12-01-2021,5843,Andhra Pradesh,projected,3.077077766,1.863541874,4.530371417,7157.494094,7132.890688,7185.29692,3.077077766,1.863541874,4.530371417,7157.494094,7132.890688,7185.29692,projected,-11.81637686,,,,
4841,13-01-2021,5844,Andhra Pradesh,projected,2.975994876,1.777184077,4.417519512,7160.470089,7134.706856,7189.88052,2.975994876,1.777184077,4.417519512,7160.470089,7134.706856,7189.88052,projected,-11.77123023,,,,
4841,14-01-2021,5845,Andhra Pradesh,projected,2.876111569,1.69894506,4.29492572,7163.3462,7136.375829,7194.341535,2.876111569,1.69894506,4.29492572,7163.3462,7136.375829,7194.341535,projected,-11.72605405,,,,
4841,15-01-2021,5846,Andhra Pradesh,projected,2.783578772,1.621218643,4.188303045,7166.129779,7137.959383,7198.547362,2.783578772,1.621218643,4.188303045,7166.129779,7137.959383,7198.547362,projected,-11.67808745,,,,
4841,16-01-2021,5847,Andhra Pradesh,projected,2.699237768,1.555935521,4.058776048,7168.829017,7139.477556,7202.586604,2.699237768,1.555935521,4.058776048,7168.829017,7139.477556,7202.586604,projected,-11.62736045,,,,
4841,17-01-2021,5848,Andhra Pradesh,projected,2.62327006,1.507076532,3.959534192,7171.452287,7140.965212,7206.102413,2.62327006,1.507076532,3.959534192,7171.452287,7140.965212,7206.102413,projected,-11.57666428,,,,
4841,18-01-2021,5849,Andhra Pradesh,projected,2.556975088,1.458340448,3.88056844,7174.009262,7142.568809,7209.644679,2.556975088,1.458340448,3.88056844,7174.009262,7142.568809,7209.644679,projected,-11.52593291,,,,
4841,19-01-2021,5850,Andhra Pradesh,projected,2.49601402,1.411003912,3.804972615,7176.505276,7144.030663,7213.378045,2.49601402,1.411003912,3.804972615,7176.505276,7144.030663,7213.378045,projected,-11.47516685,,,,
4841,20-01-2021,5851,Andhra Pradesh,projected,2.435116748,1.364608602,3.728072168,7178.940393,7145.49292,7217.032041,2.435116748,1.364608602,3.728072168,7178.940393,7145.49292,7217.032041,projected,-11.42436657,,,,
4841,21-01-2021,5852,Andhra Pradesh,projected,2.375226503,1.321348449,3.648720062,7181.315619,7146.74387,7220.607369,2.375226503,1.321348449,3.648720062,7181.315619,7146.74387,7220.607369,projected,-11.37353257,,,,
4841,22-01-2021,5853,Andhra Pradesh,projected,2.316653451,1.283141514,3.570341388,7183.632273,7147.955028,7224.108126,2.316653451,1.283141514,3.570341388,7183.632273,7147.955028,7224.108126,projected,-11.3225987,,,,
4841,23-01-2021,5854,Andhra Pradesh,projected,2.259939821,1.248979556,3.488646419,7185.892213,7149.127099,7227.599503,2.259939821,1.248979556,3.488646419,7185.892213,7149.127099,7227.599503,projected,-11.2690868,,,,
4841,24-01-2021,5855,Andhra Pradesh,projected,2.205126949,1.205977111,3.41812918,7188.09734,7150.262269,7231.057732,2.205126949,1.205977111,3.41812918,7188.09734,7150.262269,7231.057732,projected,-11.21304049,,,,
4841,25-01-2021,5856,Andhra Pradesh,projected,2.151616336,1.169095158,3.35261435,7190.248956,7151.361048,7234.445564,2.151616336,1.169095158,3.35261435,7190.248956,7151.361048,7234.445564,projected,-11.15695583,,,,
4841,26-01-2021,5857,Andhra Pradesh,projected,2.099408267,1.131670607,3.284137134,7192.348364,7152.424923,7237.76376,2.099408267,1.131670607,3.284137134,7192.348364,7152.424923,7237.76376,projected,-11.10083348,,,,
4841,27-01-2021,5858,Andhra Pradesh,projected,2.048528998,1.090509038,3.214937637,7194.396893,7153.557658,7241.013196,2.048528998,1.090509038,3.214937637,7194.396893,7153.557658,7241.013196,projected,-11.04467411,,,,
4841,28-01-2021,5859,Andhra Pradesh,projected,1.998941879,1.050488598,3.145299135,7196.395835,7154.67085,7244.191745,1.998941879,1.050488598,3.145299135,7196.395835,7154.67085,7244.191745,projected,-10.98847838,,,,
4841,29-01-2021,5860,Andhra Pradesh,projected,1.950660489,1.011838565,3.071998572,7198.346496,7155.781574,7247.301407,1.950660489,1.011838565,3.071998572,7198.346496,7155.781574,7247.301407,projected,-10.93473001,,,,
4841,30-01-2021,5861,Andhra Pradesh,projected,1.903909452,0.979369571,3.014235263,7200.250405,7156.861372,7250.34378,1.903909452,0.979369571,3.014235263,7200.250405,7156.861372,7250.34378,projected,-10.87860715,,,,
4841,31-01-2021,5862,Andhra Pradesh,projected,1.858795908,0.947455359,2.942219977,7202.109201,7157.910333,7253.320088,1.858795908,0.947455359,2.942219977,7202.109201,7157.910333,7253.320088,projected,-10.81755445,,,,
4841,01-02-2021,5863,Andhra Pradesh,projected,1.815204637,0.918451109,2.892349481,7203.924406,7158.930755,7256.231278,1.815204637,0.918451109,2.892349481,7203.924406,7158.930755,7256.231278,projected,-10.75646219,,,,
4841,02-02-2021,5864,Andhra Pradesh,projected,1.773096929,0.889403304,2.833520344,7205.697503,7159.927725,7259.081815,1.773096929,0.889403304,2.833520344,7205.697503,7159.927725,7259.081815,projected,-10.69533121,,,,
4841,03-02-2021,5865,Andhra Pradesh,projected,1.732456363,0.859855321,2.775010623,7207.429959,7160.897886,7261.750132,1.732456363,0.859855321,2.775010623,7207.429959,7160.897886,7261.750132,projected,-10.63416238,,,,
4841,04-02-2021,5866,Andhra Pradesh,projected,1.69324863,0.830962695,2.732229853,7209.123208,7161.84211,7264.338948,1.69324863,0.830962695,2.732229853,7209.123208,7161.84211,7264.338948,projected,-10.57295657,,,,
4841,05-02-2021,5867,Andhra Pradesh,projected,1.655489752,0.803237457,2.678119845,7210.778697,7162.842493,7266.875866,1.655489752,0.803237457,2.678119845,7210.778697,7162.842493,7266.875866,projected,-10.51657879,,,,
4841,06-02-2021,5868,Andhra Pradesh,projected,1.619161287,0.776581835,2.623875632,7212.397859,7163.727921,7269.357042,1.619161287,0.776581835,2.623875632,7212.397859,7163.727921,7269.357042,projected,-10.45804708,,,,
4841,07-02-2021,5869,Andhra Pradesh,projected,1.584084202,0.75029945,2.580620152,7213.981943,7164.481691,7271.788562,1.584084202,0.75029945,2.580620152,7213.981943,7164.481691,7271.788562,projected,-10.39238002,,,,
4841,08-02-2021,5870,Andhra Pradesh,projected,1.550088273,0.720397567,2.538851781,7215.532031,7165.173014,7274.173175,1.550088273,0.720397567,2.538851781,7215.532031,7165.173014,7274.173175,projected,-10.32667447,,,,
4841,09-02-2021,5871,Andhra Pradesh,projected,1.517098676,0.693819822,2.504167703,7217.04913,7165.842451,7276.492687,1.517098676,0.693819822,2.504167703,7217.04913,7165.842451,7276.492687,projected,-10.2609315,,,,
4841,10-02-2021,5872,Andhra Pradesh,projected,1.485054905,0.675859081,2.470020303,7218.534185,7166.495624,7278.81742,1.485054905,0.675859081,2.470020303,7218.534185,7166.495624,7278.81742,projected,-10.19515218,,,,
4841,11-02-2021,5873,Andhra Pradesh,projected,1.453920863,0.654022297,2.437081965,7219.988106,7167.285644,7281.081531,1.453920863,0.654022297,2.437081965,7219.988106,7167.285644,7281.081531,projected,-10.1293376,,,,
4841,12-02-2021,5874,Andhra Pradesh,projected,1.423659059,0.632117613,2.404767832,7221.411765,7168.109029,7283.298814,1.423659059,0.632117613,2.404767832,7221.411765,7168.109029,7283.298814,projected,-10.07054487,,,,
4841,13-02-2021,5875,Andhra Pradesh,projected,1.39424975,0.611144105,2.367823604,7222.806014,7168.918364,7285.543591,1.39424975,0.611144105,2.367823604,7222.806014,7168.918364,7285.543591,projected,-10.00983153,,,,
4841,14-02-2021,5876,Andhra Pradesh,projected,1.365722792,0.591449063,2.34087105,7224.171737,7169.714114,7287.870856,1.365722792,0.591449063,2.34087105,7224.171737,7169.714114,7287.870856,projected,-9.939984134,,,,
4841,15-02-2021,5877,Andhra Pradesh,projected,1.338070878,0.571595173,2.305810197,7225.509808,7170.497224,7290.18644,1.338070878,0.571595173,2.305810197,7225.509808,7170.497224,7290.18644,projected,-9.870101856,,,,
4841,16-02-2021,5878,Andhra Pradesh,projected,1.31120279,0.553042893,2.27467322,7226.821011,7171.084554,7292.459049,1.31120279,0.553042893,2.27467322,7226.821011,7171.084554,7292.459049,projected,-9.800185992,,,,
4841,17-02-2021,5879,Andhra Pradesh,projected,1.285039261,0.535866709,2.251287713,7228.10605,7171.610927,7294.697457,1.285039261,0.535866709,2.251287713,7228.10605,7171.610927,7294.697457,projected,-9.73023784,,,,
4841,18-02-2021,5880,Andhra Pradesh,projected,1.25955051,0.519628041,2.228177711,7229.365601,7172.192748,7296.894425,1.25955051,0.519628041,2.228177711,7229.365601,7172.192748,7296.894425,projected,-9.660258704,,,,
4841,19-02-2021,5881,Andhra Pradesh,projected,1.234693061,0.503581674,2.190260321,7230.600294,7173.070889,7298.827939,1.234693061,0.503581674,2.190260321,7230.600294,7173.070889,7298.827939,projected,-9.599291198,,,,
4841,20-02-2021,5882,Andhra Pradesh,projected,1.210427685,0.487345602,2.16729422,7231.810721,7173.895172,7301.204185,1.210427685,0.487345602,2.16729422,7231.810721,7173.895172,7301.204185,projected,-9.536644951,,,,
4841,21-02-2021,5883,Andhra Pradesh,projected,1.186817824,0.469586071,2.145257659,7232.997539,7174.362599,7303.31481,1.186817824,0.469586071,2.145257659,7232.997539,7174.362599,7303.31481,projected,-9.463086192,,,,
4841,22-02-2021,5884,Andhra Pradesh,projected,1.163904224,0.454688181,2.122491775,7234.161443,7174.774306,7305.237628,1.163904224,0.454688181,2.122491775,7234.161443,7174.774306,7305.237628,projected,-9.389498777,,,,
4841,23-02-2021,5885,Andhra Pradesh,projected,1.141601693,0.44055412,2.094332434,7235.303045,7175.178539,7307.391916,1.141601693,0.44055412,2.094332434,7235.303045,7175.178539,7307.391916,projected,-9.315884225,,,,
4841,24-02-2021,5886,Andhra Pradesh,projected,1.119813411,0.427105367,2.066937408,7236.422858,7175.570194,7309.133513,1.119813411,0.427105367,2.066937408,7236.422858,7175.570194,7309.133513,projected,-9.242244058,,,,
4841,25-02-2021,5887,Andhra Pradesh,projected,1.09846136,0.41438298,2.042486209,7237.52132,7175.979425,7310.837268,1.09846136,0.41438298,2.042486209,7237.52132,7175.979425,7310.837268,projected,-9.1685798,,,,
4841,26-02-2021,5888,Andhra Pradesh,projected,1.077479582,0.401081211,2.019455115,7238.598799,7176.615121,7312.508294,1.077479582,0.401081211,2.019455115,7238.598799,7176.615121,7312.508294,projected,-9.105699268,,,,
4841,27-02-2021,5889,Andhra Pradesh,projected,1.056813155,0.38842258,1.996207325,7239.655613,7177.121104,7314.267599,1.056813155,0.38842258,1.996207325,7239.655613,7177.121104,7314.267599,projected,-9.041386255,,,,
4841,28-02-2021,5890,Andhra Pradesh,projected,1.036551647,0.375770881,1.973132076,7240.692164,7177.526069,7316.136544,1.036551647,0.375770881,1.973132076,7240.692164,7177.526069,7316.136544,projected,-8.964612274,,,,
4841,01-03-2021,5891,Andhra Pradesh,projected,1.016771056,0.362598469,1.950356999,7241.708935,7177.919198,7317.996145,1.016771056,0.362598469,1.950356999,7241.708935,7177.919198,7317.996145,projected,-8.887818412,,,,
4841,02-03-2021,5892,Andhra Pradesh,projected,0.997458854,0.348664962,1.928323524,7242.706394,7178.300724,7319.786443,0.997458854,0.348664962,1.928323524,7242.706394,7178.300724,7319.786443,projected,-8.811006398,,,,
4841,03-03-2021,5893,Andhra Pradesh,projected,0.978547803,0.336916866,1.906569704,7243.684942,7178.670903,7321.422627,0.978547803,0.336916866,1.906569704,7243.684942,7178.670903,7321.422627,projected,-8.734177967,,,,
4841,04-03-2021,5894,Andhra Pradesh,projected,0.960021153,0.32719907,1.88313575,7244.644963,7179.030094,7323.004851,0.960021153,0.32719907,1.88313575,7244.644963,7179.030094,7323.004851,projected,-8.657334851,,,,
4841,05-03-2021,5895,Andhra Pradesh,projected,0.941833186,0.317692517,1.860004197,7245.586796,7179.378636,7324.556187,0.941833186,0.317692517,1.860004197,7245.586796,7179.378636,7324.556187,projected,-8.592819926,,,,
4841,06-03-2021,5896,Andhra Pradesh,projected,0.923923782,0.308023671,1.837152922,7246.51072,7179.716852,7326.0767,0.923923782,0.308023671,1.837152922,7246.51072,7179.716852,7326.0767,projected,-8.527119202,,,,
4841,07-03-2021,5897,Andhra Pradesh,projected,0.906389193,0.297920147,1.814557198,7247.417109,7180.049604,7327.564957,0.906389193,0.297920147,1.814557198,7247.417109,7180.049604,7327.564957,projected,-8.447644983,,,,
4841,08-03-2021,5898,Andhra Pradesh,projected,0.889322684,0.287224319,1.792824954,7248.306432,7180.370133,7329.016145,0.889322684,0.287224319,1.792824954,7248.306432,7180.370133,7329.016145,projected,-8.368161988,,,,
4841,09-03-2021,5899,Andhra Pradesh,projected,0.872652427,0.278161753,1.771855895,7249.179084,7180.620897,7330.437657,0.872652427,0.278161753,1.771855895,7249.179084,7180.620897,7330.437657,projected,-8.28867214,,,,
4841,10-03-2021,5900,Andhra Pradesh,projected,0.856295885,0.269374317,1.750318446,7250.03538,7180.822095,7331.830023,0.856295885,0.269374317,1.750318446,7250.03538,7180.822095,7331.830023,projected,-8.20917736,,,,
4841,11-03-2021,5901,Andhra Pradesh,projected,0.840240431,0.25934128,1.728303375,7250.875621,7181.092694,7333.443949,0.840240431,0.25934128,1.728303375,7250.875621,7181.092694,7333.443949,projected,-8.129679571,,,,
4841,12-03-2021,5902,Andhra Pradesh,projected,0.824441351,0.249104835,1.706510876,7251.700062,7181.310291,7334.647223,0.824441351,0.249104835,1.706510876,7251.700062,7181.310291,7334.647223,projected,-8.063820739,,,,
4841,13-03-2021,5903,Andhra Pradesh,projected,0.80883414,0.239237901,1.68492299,7252.508896,7181.519995,7335.851581,0.80883414,0.239237901,1.68492299,7252.508896,7181.519995,7335.851581,projected,-7.997019514,,,,
4841,14-03-2021,5904,Andhra Pradesh,projected,0.793519847,0.229805181,1.663517661,7253.302416,7181.722086,7337.132876,0.793519847,0.229805181,1.663517661,7253.302416,7181.722086,7337.132876,projected,-7.915370225,,,,
4841,15-03-2021,5905,Andhra Pradesh,projected,0.778602979,0.220986027,1.642963043,7254.081019,7181.916896,7338.39649,0.778602979,0.220986027,1.642963043,7254.081019,7181.916896,7338.39649,projected,-7.833725258,,,,
4841,16-03-2021,5906,Andhra Pradesh,projected,0.764018738,0.212523547,1.623187805,7254.845038,7182.109227,7339.882702,0.764018738,0.212523547,1.623187805,7254.845038,7182.109227,7339.882702,projected,-7.752086695,,,,
4841,17-03-2021,5907,Andhra Pradesh,projected,0.74967888,0.203825883,1.602777242,7255.594717,7182.295445,7341.536748,0.74967888,0.203825883,1.602777242,7255.594717,7182.295445,7341.536748,projected,-7.670456618,,,,
4841,18-03-2021,5908,Andhra Pradesh,projected,0.735537239,0.195850239,1.581694951,7256.330254,7182.474966,7343.014293,0.735537239,0.195850239,1.581694951,7256.330254,7182.474966,7343.014293,projected,-7.588837107,,,,
4841,19-03-2021,5909,Andhra Pradesh,projected,0.721536474,0.189963931,1.561299313,7257.05179,7182.658788,7344.1656,0.721536474,0.189963931,1.561299313,7257.05179,7182.658788,7344.1656,projected,-7.521931481,,,,
4841,20-03-2021,5910,Andhra Pradesh,projected,0.707607688,0.182894382,1.541086199,7257.759398,7182.937198,7345.40153,0.707607688,0.182894382,1.541086199,7257.759398,7182.937198,7345.40153,projected,-7.454320236,,,,
4841,21-03-2021,5911,Andhra Pradesh,projected,0.69385516,0.175960452,1.520883782,7258.453253,7183.102814,7346.996706,0.69385516,0.175960452,1.520883782,7258.453253,7183.102814,7346.996706,projected,-7.371022535,,,,
4841,22-03-2021,5912,Andhra Pradesh,projected,0.680389213,0.169547319,1.504417998,7259.133642,7183.26292,7348.59568,0.680389213,0.169547319,1.504417998,7259.133642,7183.26292,7348.59568,projected,-7.287743801,,,,
4841,23-03-2021,5913,Andhra Pradesh,projected,0.667195128,0.163498048,1.490363252,7259.800837,7183.420404,7350.175531,0.667195128,0.163498048,1.490363252,7259.800837,7183.420404,7350.175531,projected,-7.20448624,,,,
4841,24-03-2021,5914,Andhra Pradesh,projected,0.65420899,0.157585824,1.472887235,7260.455046,7183.619285,7351.735465,0.65420899,0.157585824,1.472887235,7260.455046,7183.619285,7351.735465,projected,-7.121252059,,,,
4841,25-03-2021,5915,Andhra Pradesh,projected,0.641421732,0.151467388,1.453240076,7261.096468,7183.85811,7352.973952,0.641421732,0.151467388,1.453240076,7261.096468,7183.85811,7352.973952,projected,-7.03804346,,,,
4841,26-03-2021,5916,Andhra Pradesh,projected,0.628792367,0.145350531,1.433071553,7261.725261,7184.090648,7354.093802,0.628792367,0.145350531,1.433071553,7261.725261,7184.090648,7354.093802,projected,-6.97038954,,,,
4841,27-03-2021,5917,Andhra Pradesh,projected,0.616255559,0.139448361,1.412929886,7262.341516,7184.31705,7355.279912,0.616255559,0.139448361,1.412929886,7262.341516,7184.31705,7355.279912,projected,-6.902257206,,,,
4841,28-03-2021,5918,Andhra Pradesh,projected,0.603908033,0.13385022,1.39278802,7262.945424,7184.537465,7356.698496,0.603908033,0.13385022,1.39278802,7262.945424,7184.537465,7356.698496,projected,-6.817830794,,,,
4841,29-03-2021,5919,Andhra Pradesh,projected,0.591857639,0.12877456,1.372726283,7263.537282,7184.752033,7357.625154,0.591857639,0.12877456,1.372726283,7263.537282,7184.752033,7357.625154,projected,-6.733439033,,,,
4841,30-03-2021,5920,Andhra Pradesh,projected,0.580053832,0.124107539,1.353357261,7264.117336,7184.96137,7358.440285,0.580053832,0.124107539,1.353357261,7264.117336,7184.96137,7358.440285,projected,-6.649084215,,,,
4841,31-03-2021,5921,Andhra Pradesh,projected,0.568427682,0.11964204,1.334619698,7264.685763,7185.166541,7359.824912,0.568427682,0.11964204,1.334619698,7264.685763,7185.166541,7359.824912,projected,-6.564768628,,,,
4841,01-04-2021,5922,Andhra Pradesh,projected,0.556971626,0.11526454,1.315270052,7265.242735,7185.366312,7361.308458,0.556971626,0.11526454,1.315270052,7265.242735,7185.366312,7361.308458,projected,-6.480494557,,,,
4842,01-01-2021,9216,Arunachal Pradesh,projected,0.211548915,0.113695135,0.39373864,58.45371867,57.36735339,60.40077721,0.211548915,0.113695135,0.39373864,58.45371867,57.36735339,60.40077721,projected,-22.18884641,,,,
4842,02-01-2021,9217,Arunachal Pradesh,projected,0.218303059,0.115529809,0.411056298,58.67202173,57.48440097,60.79796823,0.218303059,0.115529809,0.411056298,58.67202173,57.48440097,60.79796823,projected,-22.1118026,,,,
4842,03-01-2021,9218,Arunachal Pradesh,projected,0.225589714,0.117226491,0.428673169,58.89761144,57.6032394,61.21222691,0.225589714,0.117226491,0.428673169,58.89761144,57.6032394,61.21222691,projected,-22.07747057,,,,
4842,04-01-2021,9219,Arunachal Pradesh,projected,0.233548549,0.118864081,0.448882008,59.13115999,57.7246361,61.65062928,0.233548549,0.118864081,0.448882008,59.13115999,57.7246361,61.65062928,projected,-22.0431227,,,,
4842,05-01-2021,9220,Arunachal Pradesh,projected,0.242207565,0.121598363,0.469039028,59.37336756,57.85187824,62.14920724,0.242207565,0.121598363,0.469039028,59.37336756,57.85187824,62.14920724,projected,-22.00875911,,,,
4842,06-01-2021,9221,Arunachal Pradesh,projected,0.251629162,0.124175228,0.491720242,59.62499672,57.98121538,62.63816929,0.251629162,0.124175228,0.491720242,59.62499672,57.98121538,62.63816929,projected,-21.9743799,,,,
4842,07-01-2021,9222,Arunachal Pradesh,projected,0.261138426,0.125154869,0.512771498,59.88613515,58.10506081,63.17538104,0.261138426,0.125154869,0.512771498,59.88613515,58.10506081,63.17538104,projected,-21.9399852,,,,
4842,08-01-2021,9223,Arunachal Pradesh,projected,0.269769704,0.126458201,0.538311646,60.15590485,58.23222029,63.72024003,0.269769704,0.126458201,0.538311646,60.15590485,58.23222029,63.72024003,projected,-21.8975225,,,,
4842,09-01-2021,9224,Arunachal Pradesh,projected,0.277105981,0.126288481,0.563433922,60.43301083,58.36006287,64.24082996,0.277105981,0.126288481,0.563433922,60.43301083,58.36006287,64.24082996,projected,-21.85077544,,,,
4842,10-01-2021,9225,Arunachal Pradesh,projected,0.28285712,0.125894194,0.589260758,60.71586795,58.48958198,64.79629963,0.28285712,0.125894194,0.589260758,60.71586795,58.48958198,64.79629963,projected,-21.8080612,,,,
4842,11-01-2021,9226,Arunachal Pradesh,projected,0.286459111,0.123942339,0.60478421,61.00232706,58.61223655,65.41761057,0.286459111,0.123942339,0.60478421,61.00232706,58.61223655,65.41761057,projected,-21.765324,,,,
4842,12-01-2021,9227,Arunachal Pradesh,projected,0.288387349,0.121513488,0.613401226,61.29071441,58.73550772,65.99385135,0.288387349,0.121513488,0.613401226,61.29071441,58.73550772,65.99385135,projected,-21.72256406,,,,
4842,13-01-2021,9228,Arunachal Pradesh,projected,0.28954972,0.118735776,0.623186808,61.58026413,58.85672954,66.6392266,0.28954972,0.118735776,0.623186808,61.58026413,58.85672954,66.6392266,projected,-21.67978161,,,,
4842,14-01-2021,9229,Arunachal Pradesh,projected,0.290609525,0.117237469,0.627554129,61.87087366,58.98070776,67.29737289,0.290609525,0.117237469,0.627554129,61.87087366,58.98070776,67.29737289,projected,-21.63697688,,,,
4842,15-01-2021,9230,Arunachal Pradesh,projected,0.292437788,0.115981672,0.64097182,62.16331144,59.10944458,67.96621757,0.292437788,0.115981672,0.64097182,62.16331144,59.10944458,67.96621757,projected,-21.59016291,,,,
4842,16-01-2021,9231,Arunachal Pradesh,projected,0.29532875,0.113649465,0.653107842,62.45864019,59.22022332,68.64075488,0.29532875,0.113649465,0.653107842,62.45864019,59.22022332,68.64075488,projected,-21.53934114,,,,
4842,17-01-2021,9232,Arunachal Pradesh,projected,0.29954134,0.112178753,0.669089664,62.75818153,59.33761532,69.32889846,0.29954134,0.112178753,0.669089664,62.75818153,59.33761532,69.32889846,projected,-21.48859127,,,,
4842,18-01-2021,9233,Arunachal Pradesh,projected,0.305578663,0.11145138,0.690755639,63.0637602,59.45675969,69.97923127,0.305578663,0.11145138,0.690755639,63.0637602,59.45675969,69.97923127,projected,-21.43781159,,,,
4842,19-01-2021,9234,Arunachal Pradesh,projected,0.312848832,0.111344453,0.713441011,63.37660903,59.55832294,70.64739379,0.312848832,0.111344453,0.713441011,63.37660903,59.55832294,70.64739379,projected,-21.38700246,,,,
4842,20-01-2021,9235,Arunachal Pradesh,projected,0.320448796,0.111172189,0.736821683,63.69705782,59.65717056,71.33456598,0.320448796,0.111172189,0.736821683,63.69705782,59.65717056,71.33456598,projected,-21.33616426,,,,
4842,21-01-2021,9236,Arunachal Pradesh,projected,0.328579198,0.110949828,0.765107693,64.02563702,59.78730973,72.05796739,0.328579198,0.110949828,0.765107693,64.02563702,59.78730973,72.05796739,projected,-21.28529737,,,,
4842,22-01-2021,9237,Arunachal Pradesh,projected,0.337338205,0.110645008,0.795752284,64.36297523,59.93846793,72.8388663,0.337338205,0.110645008,0.795752284,64.36297523,59.93846793,72.8388663,projected,-21.23430201,,,,
4842,23-01-2021,9238,Arunachal Pradesh,projected,0.346883081,0.110518351,0.828841119,64.70985831,60.05761948,73.72805776,0.346883081,0.110518351,0.828841119,64.70985831,60.05761948,73.72805776,projected,-21.17960785,,,,
4842,24-01-2021,9239,Arunachal Pradesh,projected,0.357283185,0.110592583,0.862464457,65.06714149,60.17615052,74.65640531,0.357283185,0.110592583,0.862464457,65.06714149,60.17615052,74.65640531,projected,-21.12124431,,,,
4842,25-01-2021,9240,Arunachal Pradesh,projected,0.368478731,0.11076034,0.896833083,65.43562022,60.29555062,75.62693574,0.368478731,0.11076034,0.896833083,65.43562022,60.29555062,75.62693574,projected,-21.06284522,,,,
4842,26-01-2021,9241,Arunachal Pradesh,projected,0.38052364,0.111026369,0.933578238,65.81614386,60.40227332,76.56192645,0.38052364,0.111026369,0.933578238,65.81614386,60.40227332,76.56192645,projected,-21.00441116,,,,
4842,27-01-2021,9242,Arunachal Pradesh,projected,0.393480717,0.111369566,0.973020445,66.20962458,60.50716503,77.5248698,0.393480717,0.111369566,0.973020445,66.20962458,60.50716503,77.5248698,projected,-20.9459427,,,,
4842,28-01-2021,9243,Arunachal Pradesh,projected,0.407404407,0.111792156,1.02333822,66.61702899,60.61217361,78.52818698,0.407404407,0.111792156,1.02333822,66.61702899,60.61217361,78.52818698,projected,-20.88744042,,,,
4842,29-01-2021,9244,Arunachal Pradesh,projected,0.422370114,0.112295342,1.075458576,67.0393991,60.7037851,79.57615492,0.422370114,0.112295342,1.075458576,67.0393991,60.7037851,79.57615492,projected,-20.83247826,,,,
4842,30-01-2021,9245,Arunachal Pradesh,projected,0.438234553,0.112624305,1.138380409,67.47763366,60.78597211,80.67549982,0.438234553,0.112624305,1.138380409,67.47763366,60.78597211,80.67549982,projected,-20.77415284,,,,
4842,31-01-2021,9246,Arunachal Pradesh,projected,0.454786869,0.112754485,1.185838997,67.93242052,60.8667947,81.8256494,0.454786869,0.112754485,1.185838997,67.93242052,60.8667947,81.8256494,projected,-20.70866713,,,,
4842,01-02-2021,9247,Arunachal Pradesh,projected,0.471949573,0.113673479,1.236646086,68.4043701,60.959586,83.02622812,0.471949573,0.113673479,1.236646086,68.4043701,60.959586,83.02622812,projected,-20.64314212,,,,
4842,02-02-2021,9248,Arunachal Pradesh,projected,0.489681388,0.113731271,1.299123691,68.89405149,61.10756408,84.27537902,0.489681388,0.113731271,1.299123691,68.89405149,61.10756408,84.27537902,projected,-20.57757861,,,,
4842,03-02-2021,9249,Arunachal Pradesh,projected,0.507938724,0.114617787,1.375605547,69.40199021,61.24701333,85.57579912,0.507938724,0.114617787,1.375605547,69.40199021,61.24701333,85.57579912,projected,-20.51197742,,,,
4842,04-02-2021,9250,Arunachal Pradesh,projected,0.526615015,0.115928522,1.437371122,69.92860522,61.34302623,86.93019025,0.526615015,0.115928522,1.437371122,69.92860522,61.34302623,86.93019025,projected,-20.44633937,,,,
4842,05-02-2021,9251,Arunachal Pradesh,projected,0.545607731,0.115921659,1.502412039,70.47421296,61.43854822,88.33861073,0.545607731,0.115921659,1.502412039,70.47421296,61.43854822,88.33861073,projected,-20.38766698,,,,
4842,06-02-2021,9252,Arunachal Pradesh,projected,0.564838182,0.116350073,1.576609341,71.03905114,61.53347489,89.80180335,0.564838182,0.116350073,1.576609341,71.03905114,61.53347489,89.80180335,projected,-20.32598726,,,,
4842,07-02-2021,9253,Arunachal Pradesh,projected,0.584513732,0.116837123,1.652063169,71.62356487,61.6364805,91.32698329,0.584513732,0.116837123,1.652063169,71.62356487,61.6364805,91.32698329,projected,-20.25393396,,,,
4842,08-02-2021,9254,Arunachal Pradesh,projected,0.604826275,0.117354748,1.723759663,72.22839114,61.75628485,93.06894686,0.604826275,0.117354748,1.723759663,72.22839114,61.75628485,93.06894686,projected,-20.18184024,,,,
4842,09-02-2021,9255,Arunachal Pradesh,projected,0.625720845,0.117890441,1.792301016,72.85411199,61.87702503,94.75396891,0.625720845,0.117890441,1.792301016,72.85411199,61.87702503,94.75396891,projected,-20.1097072,,,,
4842,10-02-2021,9256,Arunachal Pradesh,projected,0.647164757,0.118437772,1.873897854,73.50127675,61.99837529,96.46310943,0.647164757,0.118437772,1.873897854,73.50127675,61.99837529,96.46310943,projected,-20.03753592,,,,
4842,11-02-2021,9257,Arunachal Pradesh,projected,0.669143937,0.118803285,1.952281043,74.17042068,62.11240302,98.43365431,0.669143937,0.118803285,1.952281043,74.17042068,62.11240302,98.43365431,projected,-19.96532749,,,,
4842,12-02-2021,9258,Arunachal Pradesh,projected,0.691646102,0.119088553,2.037731379,74.86206679,62.2211671,100.2754296,0.691646102,0.119088553,2.037731379,74.86206679,62.2211671,100.2754296,projected,-19.90323988,,,,
4842,13-02-2021,9259,Arunachal Pradesh,projected,0.714673047,0.11937495,2.12463041,75.57673983,62.33011849,102.2666017,0.714673047,0.11937495,2.12463041,75.57673983,62.33011849,102.2666017,projected,-19.83851514,,,,
4842,14-02-2021,9260,Arunachal Pradesh,projected,0.738262442,0.11966204,2.217088968,76.31500227,62.44713282,105.0086145,0.738262442,0.11966204,2.217088968,76.31500227,62.44713282,105.0086145,projected,-19.76050428,,,,
4842,15-02-2021,9261,Arunachal Pradesh,projected,0.762433848,0.120179074,2.313143824,77.07743612,62.56796653,107.7473858,0.762433848,0.120179074,2.313143824,77.07743612,62.56796653,107.7473858,projected,-19.68245509,,,,
4842,16-02-2021,9262,Arunachal Pradesh,projected,0.787149606,0.121004767,2.412607609,77.86458573,62.68930959,109.8012296,0.787149606,0.121004767,2.412607609,77.86458573,62.68930959,109.8012296,projected,-19.60436893,,,,
4842,17-02-2021,9263,Arunachal Pradesh,projected,0.812372232,0.121710291,2.51555853,78.67695796,62.81115886,111.7863319,0.812372232,0.121710291,2.51555853,78.67695796,62.81115886,111.7863319,projected,-19.5262472,,,,
4842,18-02-2021,9264,Arunachal Pradesh,projected,0.838090592,0.121809531,2.609724431,79.51504855,62.93372714,114.1497019,0.838090592,0.121809531,2.609724431,79.51504855,62.93372714,114.1497019,projected,-19.44809129,,,,
4842,19-02-2021,9265,Arunachal Pradesh,projected,0.864270913,0.121910732,2.719578992,80.37931946,63.05726027,116.955685,0.864270913,0.121910732,2.719578992,80.37931946,63.05726027,116.955685,projected,-19.38291753,,,,
4842,20-02-2021,9266,Arunachal Pradesh,projected,0.890879948,0.122212266,2.836172476,81.27019941,63.18293155,120.0245685,0.890879948,0.122212266,2.836172476,81.27019941,63.18293155,120.0245685,projected,-19.31548504,,,,
4842,21-02-2021,9267,Arunachal Pradesh,projected,0.917981133,0.122625667,2.931216898,82.18818055,63.34704375,123.2301562,0.917981133,0.122625667,2.931216898,82.18818055,63.34704375,123.2301562,projected,-19.23217347,,,,
4842,22-02-2021,9268,Arunachal Pradesh,projected,0.945628294,0.123037885,3.018942269,83.13380884,63.49976344,126.5730844,0.945628294,0.123037885,3.018942269,83.13380884,63.49976344,126.5730844,projected,-19.14882909,,,,
4842,23-02-2021,9269,Arunachal Pradesh,projected,0.973757143,0.123513342,3.107150388,84.10756598,63.62841821,129.7511416,0.973757143,0.123513342,3.107150388,84.10756598,63.62841821,129.7511416,projected,-19.06545358,,,,
4842,24-02-2021,9270,Arunachal Pradesh,projected,1.002282986,0.123961236,3.216953621,85.10984897,63.75759529,132.8030772,1.002282986,0.123961236,3.216953621,85.10984897,63.75759529,132.8030772,projected,-18.98204866,,,,
4842,25-02-2021,9271,Arunachal Pradesh,projected,1.031121771,0.12435227,3.353212509,86.14097074,63.88733782,135.9545081,1.031121771,0.12435227,3.353212509,86.14097074,63.88733782,135.9545081,projected,-18.89861599,,,,
4842,26-02-2021,9272,Arunachal Pradesh,projected,1.060169931,0.124714485,3.513215084,87.20114067,64.01793315,139.2145576,1.060169931,0.124714485,3.513215084,87.20114067,64.01793315,139.2145576,projected,-18.83071406,,,,
4842,27-02-2021,9273,Arunachal Pradesh,projected,1.089325457,0.125055163,3.677628064,88.29046613,64.14896556,142.9526126,1.089325457,0.125055163,3.677628064,88.29046613,64.14896556,142.9526126,projected,-18.76093402,,,,
4842,28-02-2021,9274,Arunachal Pradesh,projected,1.118662144,0.125409357,3.78523686,89.40912827,64.28037859,146.8973417,1.118662144,0.125409357,3.78523686,89.40912827,64.28037859,146.8973417,projected,-18.67301549,,,,
4842,01-03-2021,9275,Arunachal Pradesh,projected,1.148265196,0.125614089,3.888807782,90.55739347,64.4121455,150.7216224,1.148265196,0.125614089,3.888807782,90.55739347,64.4121455,150.7216224,projected,-18.58507318,,,,
4842,02-03-2021,9276,Arunachal Pradesh,projected,1.178118462,0.125847622,3.975520807,91.73551193,64.54424636,154.8566335,1.178118462,0.125847622,3.975520807,91.73551193,64.54424636,154.8566335,projected,-18.49710909,,,,
4842,03-03-2021,9277,Arunachal Pradesh,projected,1.208131913,0.126066409,4.076501815,92.94364384,64.68034427,159.2305258,1.208131913,0.126066409,4.076501815,92.94364384,64.68034427,159.2305258,projected,-18.40912522,,,,
4842,04-03-2021,9278,Arunachal Pradesh,projected,1.238275391,0.126303102,4.198939567,94.18191924,64.82846542,163.2033424,1.238275391,0.126303102,4.198939567,94.18191924,64.82846542,163.2033424,projected,-18.32112355,,,,
4842,05-03-2021,9279,Arunachal Pradesh,projected,1.268434952,0.126548527,4.303271905,95.45035419,64.97729923,167.6646865,1.268434952,0.126548527,4.303271905,95.45035419,64.97729923,167.6646865,projected,-18.25087431,,,,
4842,06-03-2021,9280,Arunachal Pradesh,projected,1.298463155,0.126727311,4.419093695,96.74881734,65.09598363,172.4616676,1.298463155,0.126727311,4.419093695,96.74881734,65.09598363,172.4616676,projected,-18.17912418,,,,
4842,07-03-2021,9281,Arunachal Pradesh,projected,1.328492816,0.126847604,4.584795206,98.07731016,65.2145386,176.8505389,1.328492816,0.126847604,4.584795206,98.07731016,65.2145386,176.8505389,projected,-18.08731845,,,,
4842,08-03-2021,9282,Arunachal Pradesh,projected,1.358675335,0.126950053,4.753764387,99.43598549,65.34066809,180.4710875,1.358675335,0.126950053,4.753764387,99.43598549,65.34066809,180.4710875,projected,-17.99550132,,,,
4842,09-03-2021,9283,Arunachal Pradesh,projected,1.388872008,0.127032406,4.898757485,100.8248575,65.47365326,185.6351079,1.388872008,0.127032406,4.898757485,100.8248575,65.47365326,185.6351079,projected,-17.90367503,,,,
4842,10-03-2021,9284,Arunachal Pradesh,projected,1.418926242,0.127094415,5.038085315,102.2437837,65.60678646,189.9541346,1.418926242,0.127094415,5.038085315,102.2437837,65.60678646,189.9541346,projected,-17.81184188,,,,
4842,11-03-2021,9285,Arunachal Pradesh,projected,1.448804945,0.127091778,5.180196711,103.6925887,65.74031021,194.5821314,1.448804945,0.127091778,5.180196711,103.6925887,65.74031021,194.5821314,projected,-17.72000411,,,,
4842,12-03-2021,9286,Arunachal Pradesh,projected,1.478350495,0.127017603,5.359112293,105.1709392,65.87427339,200.1032341,1.478350495,0.127017603,5.359112293,105.1709392,65.87427339,200.1032341,projected,-17.64780471,,,,
4842,13-03-2021,9287,Arunachal Pradesh,projected,1.507350201,0.126909031,5.539717125,106.6782894,66.00825311,204.4108634,1.507350201,0.126909031,5.539717125,106.6782894,66.00825311,204.4108634,projected,-17.57447291,,,,
4842,14-03-2021,9288,Arunachal Pradesh,projected,1.535987536,0.126829028,5.721678458,108.2142769,66.14238887,208.9431706,1.535987536,0.126829028,5.721678458,108.2142769,66.14238887,208.9431706,projected,-17.47951418,,,,
4842,15-03-2021,9289,Arunachal Pradesh,projected,1.564482392,0.126482363,5.901569872,109.7787593,66.28157081,215.7878286,1.564482392,0.126482363,5.901569872,109.7787593,66.28157081,215.7878286,projected,-17.38455931,,,,
4842,16-03-2021,9290,Arunachal Pradesh,projected,1.592660311,0.126086171,6.009556104,111.3714196,66.43891393,222.6426223,1.592660311,0.126086171,6.009556104,111.3714196,66.43891393,222.6426223,projected,-17.28961079,,,,
4842,17-03-2021,9291,Arunachal Pradesh,projected,1.620300206,0.12566493,6.109182092,112.9917198,66.5651139,229.98652,1.620300206,0.12566493,6.109182092,112.9917198,66.5651139,229.98652,projected,-17.19467115,,,,
4842,18-03-2021,9292,Arunachal Pradesh,projected,1.647272542,0.125269557,6.202118801,114.6389924,66.67717403,236.6445923,1.647272542,0.125269557,6.202118801,114.6389924,66.67717403,236.6445923,projected,-17.09974288,,,,
4842,19-03-2021,9293,Arunachal Pradesh,projected,1.673331304,0.124893795,6.289387878,116.3123237,66.80931594,242.190355,1.673331304,0.124893795,6.289387878,116.3123237,66.80931594,242.190355,projected,-17.02599967,,,,
4842,20-03-2021,9294,Arunachal Pradesh,projected,1.698184087,0.124430873,6.371145211,118.0105078,66.93080656,247.7764094,1.698184087,0.124430873,6.371145211,118.0105078,66.93080656,247.7764094,projected,-16.95147907,,,,
4842,21-03-2021,9295,Arunachal Pradesh,projected,1.722046548,0.12387685,6.4506984,119.7325543,67.03325231,253.4045273,1.722046548,0.12387685,6.4506984,119.7325543,67.03325231,253.4045273,projected,-16.85410396,,,,
4842,22-03-2021,9296,Arunachal Pradesh,projected,1.74520582,0.123256857,6.527826154,121.4777601,67.13574277,259.0361223,1.74520582,0.123256857,6.527826154,121.4777601,67.13574277,259.0361223,projected,-16.75675029,,,,
4842,23-03-2021,9297,Arunachal Pradesh,projected,1.767587355,0.122598377,6.616891439,123.2453475,67.2379834,264.7078211,1.767587355,0.122598377,6.616891439,123.2453475,67.2379834,264.7078211,projected,-16.65942076,,,,
4842,24-03-2021,9298,Arunachal Pradesh,projected,1.788995587,0.121911402,6.707549297,125.0343431,67.33954622,270.4145824,1.788995587,0.121911402,6.707549297,125.0343431,67.33954622,270.4145824,projected,-16.56211806,,,,
4842,25-03-2021,9299,Arunachal Pradesh,projected,1.809415463,0.121252131,6.828239801,126.8437585,67.44036015,276.4821893,1.809415463,0.121252131,6.828239801,126.8437585,67.44036015,276.4821893,projected,-16.4648449,,,,
4842,26-03-2021,9300,Arunachal Pradesh,projected,1.828621255,0.120615414,6.895010539,128.6723798,67.54035868,283.3089789,1.828621255,0.120615414,6.895010539,128.6723798,67.54035868,283.3089789,projected,-16.38996623,,,,
4842,27-03-2021,9301,Arunachal Pradesh,projected,1.84629064,0.119886054,6.968130555,130.5186704,67.6508399,289.2468186,1.84629064,0.119886054,6.968130555,130.5186704,67.6508399,289.2468186,projected,-16.31464754,,,,
4842,28-03-2021,9302,Arunachal Pradesh,projected,1.86273432,0.119070738,7.078762975,132.3814048,67.77543162,294.3292888,1.86273432,0.119070738,7.078762975,132.3814048,67.77543162,294.3292888,projected,-16.21558322,,,,
4842,29-03-2021,9303,Arunachal Pradesh,projected,1.878332036,0.118229266,7.188932286,134.2597368,67.8994184,299.8309956,1.878332036,0.118229266,7.188932286,134.2597368,67.8994184,299.8309956,projected,-16.11655953,,,,
4842,30-03-2021,9304,Arunachal Pradesh,projected,1.892868016,0.117359117,7.297806775,136.1526048,68.0227689,308.2150139,1.892868016,0.117359117,7.297806775,136.1526048,68.0227689,308.2150139,projected,-16.01757931,,,,
4842,31-03-2021,9305,Arunachal Pradesh,projected,1.906100018,0.116460653,7.396427673,138.0587048,68.14545044,316.7245328,1.906100018,0.116460653,7.396427673,138.0587048,68.14545044,316.7245328,projected,-15.9186454,,,,
4842,01-04-2021,9306,Arunachal Pradesh,projected,1.918041709,0.115593379,7.484561445,139.9767465,68.26795516,325.3471352,1.918041709,0.115593379,7.484561445,139.9767465,68.26795516,325.3471352,projected,-15.81976061,,,,
4843,01-01-2021,9639,Assam,projected,1.627060932,1.372167029,1.897602706,1033.603743,1030.530424,1036.945045,1.627060932,1.372167029,1.897602706,1033.603743,1030.530424,1036.945045,projected,-9.740722515,,,,
4843,02-01-2021,9640,Assam,projected,1.648768643,1.386142469,1.92431403,1035.252512,1031.936637,1038.855608,1.648768643,1.386142469,1.92431403,1035.252512,1031.936637,1038.855608,projected,-9.675969842,,,,
4843,03-01-2021,9641,Assam,projected,1.668977376,1.402333259,1.952339033,1036.921489,1033.360115,1040.765254,1.668977376,1.402333259,1.952339033,1036.921489,1033.360115,1040.765254,projected,-9.650471579,,,,
4843,04-01-2021,9642,Assam,projected,1.688789299,1.413894093,1.979377053,1038.610278,1034.799387,1042.719153,1.688789299,1.413894093,1.979377053,1038.610278,1034.799387,1042.719153,projected,-9.624966122,,,,
4843,05-01-2021,9643,Assam,projected,1.709587068,1.426141195,2.011631084,1040.319865,1036.221998,1044.747929,1.709587068,1.426141195,2.011631084,1040.319865,1036.221998,1044.747929,projected,-9.599453526,,,,
4843,06-01-2021,9644,Assam,projected,1.731270341,1.438355323,2.046193379,1042.051136,1037.660315,1046.835383,1.731270341,1.438355323,2.046193379,1042.051136,1037.660315,1046.835383,projected,-9.573933847,,,,
4843,07-01-2021,9645,Assam,projected,1.749157555,1.443586135,2.081623188,1043.800293,1039.129158,1048.995616,1.749157555,1.443586135,2.081623188,1043.800293,1039.129158,1048.995616,projected,-9.548407141,,,,
4843,08-01-2021,9646,Assam,projected,1.756778233,1.436330333,2.092971904,1045.557072,1040.557176,1051.046186,1.756778233,1.436330333,2.092971904,1045.557072,1040.557176,1051.046186,projected,-9.515589192,,,,
4843,09-01-2021,9647,Assam,projected,1.752326192,1.424214201,2.125804435,1047.309398,1041.935503,1053.226248,1.752326192,1.424214201,2.125804435,1047.309398,1041.935503,1053.226248,projected,-9.478848404,,,,
4843,10-01-2021,9648,Assam,projected,1.735583955,1.394705369,2.133562164,1049.044982,1043.274906,1055.172306,1.735583955,1.394705369,2.133562164,1049.044982,1043.274906,1055.172306,projected,-9.445793099,,,,
4843,11-01-2021,9649,Assam,projected,1.704477201,1.358374949,2.11417473,1050.749459,1044.595416,1057.227186,1.704477201,1.358374949,2.11417473,1050.749459,1044.595416,1057.227186,projected,-9.412726506,,,,
4843,12-01-2021,9650,Assam,projected,1.662919102,1.310627531,2.078343822,1052.412378,1045.939189,1059.081419,1.662919102,1.310627531,2.078343822,1052.412378,1045.939189,1059.081419,projected,-9.379648745,,,,
4843,13-01-2021,9651,Assam,projected,1.61686171,1.25931828,2.042484793,1054.02924,1047.324599,1061.151353,1.61686171,1.25931828,2.042484793,1054.02924,1047.324599,1061.151353,projected,-9.346559938,,,,
4843,14-01-2021,9652,Assam,projected,1.570295356,1.221791055,2.001406862,1055.599535,1048.598049,1063.258021,1.570295356,1.221791055,2.001406862,1055.599535,1048.598049,1063.258021,projected,-9.313460207,,,,
4843,15-01-2021,9653,Assam,projected,1.528145828,1.194460418,1.955016787,1057.127681,1049.774976,1065.059809,1.528145828,1.194460418,1.955016787,1057.127681,1049.774976,1065.059809,projected,-9.276747703,,,,
4843,16-01-2021,9654,Assam,projected,1.491305668,1.171755968,1.897892932,1058.618987,1050.927503,1066.973502,1.491305668,1.171755968,1.897892932,1058.618987,1050.927503,1066.973502,projected,-9.23639838,,,,
4843,17-01-2021,9655,Assam,projected,1.459915768,1.145313829,1.842815565,1060.078902,1052.034456,1068.828844,1.459915768,1.145313829,1.842815565,1060.078902,1052.034456,1068.828844,projected,-9.196125346,,,,
4843,18-01-2021,9656,Assam,projected,1.435580612,1.125996159,1.815319236,1061.514483,1053.119355,1070.642758,1.435580612,1.125996159,1.815319236,1061.514483,1053.119355,1070.642758,projected,-9.155836998,,,,
4843,19-01-2021,9657,Assam,projected,1.414940776,1.103857984,1.793477393,1062.929424,1054.262503,1072.504481,1.414940776,1.103857984,1.793477393,1062.929424,1054.262503,1072.504481,projected,-9.115533556,,,,
4843,20-01-2021,9658,Assam,projected,1.393749593,1.080044901,1.778235166,1064.323173,1055.306841,1074.323511,1.393749593,1.080044901,1.778235166,1064.323173,1055.306841,1074.323511,projected,-9.075215241,,,,
4843,21-01-2021,9659,Assam,projected,1.372788345,1.062030759,1.763750895,1065.695962,1056.266005,1075.944118,1.372788345,1.062030759,1.763750895,1065.695962,1056.266005,1075.944118,projected,-9.034882274,,,,
4843,22-01-2021,9660,Assam,projected,1.352278423,1.044195025,1.745037949,1067.04824,1057.255146,1077.663593,1.352278423,1.044195025,1.745037949,1067.04824,1057.255146,1077.663593,projected,-8.99444407,,,,
4843,23-01-2021,9661,Assam,projected,1.332676036,1.026774846,1.729876337,1068.380916,1058.256959,1079.271499,1.332676036,1.026774846,1.729876337,1068.380916,1058.256959,1079.271499,projected,-8.950682133,,,,
4843,24-01-2021,9662,Assam,projected,1.314045518,1.006478985,1.716100104,1069.694962,1059.2693,1080.848825,1.314045518,1.006478985,1.716100104,1069.694962,1059.2693,1080.848825,projected,-8.903596685,,,,
4843,25-01-2021,9663,Assam,projected,1.295949432,0.984309508,1.70174056,1070.990911,1060.262868,1082.525104,1.295949432,0.984309508,1.70174056,1070.990911,1060.262868,1082.525104,projected,-8.856492599,,,,
4843,26-01-2021,9664,Assam,projected,1.278389339,0.965503804,1.687928946,1072.2693,1061.238342,1084.211856,1.278389339,0.965503804,1.687928946,1072.2693,1061.238342,1084.211856,projected,-8.809370226,,,,
4843,27-01-2021,9665,Assam,projected,1.261393481,0.94460946,1.675287726,1073.530694,1062.194956,1085.885641,1.261393481,0.94460946,1.675287726,1073.530694,1062.194956,1085.885641,projected,-8.762229922,,,,
4843,28-01-2021,9666,Assam,projected,1.244935766,0.926967847,1.663102034,1074.77563,1063.12941,1087.547071,1.244935766,0.926967847,1.663102034,1074.77563,1063.12941,1087.547071,projected,-8.715072041,,,,
4843,29-01-2021,9667,Assam,projected,1.229029609,0.910112106,1.651004642,1076.004659,1064.087933,1089.16508,1.229029609,0.910112106,1.651004642,1076.004659,1064.087933,1089.16508,projected,-8.671114941,,,,
4843,30-01-2021,9668,Assam,projected,1.213729112,0.895850472,1.640070814,1077.218388,1065.036945,1090.740794,1.213729112,0.895850472,1.640070814,1077.218388,1065.036945,1090.740794,projected,-8.624168302,,,,
4843,31-01-2021,9669,Assam,projected,1.198973248,0.87923603,1.630164442,1078.417362,1065.947551,1092.304689,1.198973248,0.87923603,1.630164442,1078.417362,1065.947551,1092.304689,projected,-8.570734994,,,,
4843,01-02-2021,9670,Assam,projected,1.184625619,0.862991771,1.623293749,1079.601987,1066.798807,1093.854332,1.184625619,0.862991771,1.623293749,1079.601987,1066.798807,1093.854332,projected,-8.517281019,,,,
4843,02-02-2021,9671,Assam,projected,1.170600836,0.845206602,1.616374984,1080.772588,1067.694939,1095.389515,1.170600836,0.845206602,1.616374984,1080.772588,1067.694939,1095.389515,projected,-8.463806894,,,,
4843,03-02-2021,9672,Assam,projected,1.156858639,0.826850003,1.609570963,1081.929447,1068.609971,1096.918905,1.156858639,0.826850003,1.609570963,1081.929447,1068.609971,1096.918905,projected,-8.41031314,,,,
4843,04-02-2021,9673,Assam,projected,1.143366088,0.811419917,1.602942792,1083.072813,1069.51342,1098.508228,1.143366088,0.811419917,1.602942792,1083.072813,1069.51342,1098.508228,projected,-8.356800274,,,,
4843,05-02-2021,9674,Assam,projected,1.130093651,0.797659644,1.596512711,1084.202907,1070.405582,1100.119799,1.130093651,0.797659644,1.596512711,1084.202907,1070.405582,1100.119799,projected,-8.309565686,,,,
4843,06-02-2021,9675,Assam,projected,1.117038746,0.783549612,1.588079327,1085.319945,1071.287547,1101.722447,1.117038746,0.783549612,1.588079327,1085.319945,1071.287547,1101.722447,projected,-8.259690918,,,,
4843,07-02-2021,9676,Assam,projected,1.104268822,0.769805662,1.581704018,1086.424214,1072.051,1103.323123,1.104268822,0.769805662,1.581704018,1086.424214,1072.051,1103.323123,projected,-8.200426313,,,,
4843,08-02-2021,9677,Assam,projected,1.091806353,0.756415603,1.572427165,1087.51602,1072.690811,1104.943462,1.091806353,0.756415603,1.572427165,1087.51602,1072.690811,1104.943462,projected,-8.141140817,,,,
4843,09-02-2021,9678,Assam,projected,1.079587543,0.74332129,1.559641704,1088.595608,1073.500788,1106.494933,1.079587543,0.74332129,1.559641704,1088.595608,1073.500788,1106.494933,projected,-8.081835138,,,,
4843,10-02-2021,9679,Assam,projected,1.067568473,0.729758461,1.552022022,1089.663176,1074.301764,1107.909615,1.067568473,0.729758461,1.552022022,1089.663176,1074.301764,1107.909615,projected,-8.022509985,,,,
4843,11-02-2021,9680,Assam,projected,1.05573334,0.71628315,1.544598989,1090.71891,1075.092326,1109.344594,1.05573334,0.71628315,1.544598989,1090.71891,1075.092326,1109.344594,projected,-7.963166069,,,,
4843,12-02-2021,9681,Assam,projected,1.044065067,0.702139821,1.536487968,1091.762975,1075.872696,1110.813496,1.044065067,0.702139821,1.536487968,1091.762975,1075.872696,1110.813496,projected,-7.912926173,,,,
4843,13-02-2021,9682,Assam,projected,1.032563794,0.688446252,1.527464931,1092.795539,1076.571766,1112.343807,1.032563794,0.688446252,1.527464931,1092.795539,1076.571766,1112.343807,projected,-7.860404761,,,,
4843,14-02-2021,9683,Assam,projected,1.02127791,0.675285099,1.518519444,1093.816817,1077.257425,1113.861263,1.02127791,0.675285099,1.518519444,1093.816817,1077.257425,1113.861263,projected,-7.7958696,,,,
4843,15-02-2021,9684,Assam,projected,1.010227855,0.662400472,1.508985374,1094.827044,1077.932752,1115.180264,1.010227855,0.662400472,1.508985374,1094.827044,1077.932752,1115.180264,projected,-7.731315497,,,,
4843,16-02-2021,9685,Assam,projected,0.99935499,0.649600415,1.501085889,1095.826399,1078.597803,1116.453284,0.99935499,0.649600415,1.501085889,1095.826399,1078.597803,1116.453284,projected,-7.66674337,,,,
4843,17-02-2021,9686,Assam,projected,0.988603383,0.636937192,1.494168453,1096.815003,1079.25268,1118.012507,0.988603383,0.636937192,1.494168453,1096.815003,1079.25268,1118.012507,projected,-7.602154135,,,,
4843,18-02-2021,9687,Assam,projected,0.977966708,0.623594202,1.48821477,1097.792969,1079.943653,1119.543679,0.977966708,0.623594202,1.48821477,1097.792969,1079.943653,1119.543679,projected,-7.537548713,,,,
4843,19-02-2021,9688,Assam,projected,0.967418366,0.610074654,1.479816497,1098.760388,1080.640319,1121.123952,0.967418366,0.610074654,1.479816497,1098.760388,1080.640319,1121.123952,projected,-7.484602097,,,,
4843,20-02-2021,9689,Assam,projected,0.956930376,0.599206019,1.471191932,1099.717318,1081.152296,1122.670257,0.956930376,0.599206019,1.471191932,1099.717318,1081.152296,1122.670257,projected,-7.429736243,,,,
4843,21-02-2021,9690,Assam,projected,0.946579189,0.588789793,1.462612116,1100.663897,1081.763192,1124.206983,0.946579189,0.588789793,1.462612116,1100.663897,1081.763192,1124.206983,projected,-7.360526921,,,,
4843,22-02-2021,9691,Assam,projected,0.936429104,0.577477011,1.454033225,1101.600327,1082.263223,1125.728446,0.936429104,0.577477011,1.454033225,1101.600327,1082.263223,1125.728446,projected,-7.29130299,,,,
4843,23-02-2021,9692,Assam,projected,0.926419708,0.566415994,1.448717297,1102.526746,1082.868805,1127.17563,0.926419708,0.566415994,1.448717297,1102.526746,1082.868805,1127.17563,projected,-7.222065583,,,,
4843,24-02-2021,9693,Assam,projected,0.916470323,0.554848242,1.443575553,1103.443217,1083.539421,1128.612068,0.916470323,0.554848242,1.443575553,1103.443217,1083.539421,1128.612068,projected,-7.152815833,,,,
4843,25-02-2021,9694,Assam,projected,0.906528757,0.543534661,1.437237672,1104.349745,1084.108944,1129.940365,0.906528757,0.543534661,1.437237672,1104.349745,1084.108944,1129.940365,projected,-7.083554873,,,,
4843,26-02-2021,9695,Assam,projected,0.896532925,0.532369054,1.427382827,1105.246278,1084.563518,1131.185309,0.896532925,0.532369054,1.427382827,1105.246278,1084.563518,1131.185309,projected,-7.02822163,,,,
4843,27-02-2021,9696,Assam,projected,0.886430853,0.521389079,1.417106229,1106.132709,1085.054852,1132.418666,0.886430853,0.521389079,1.417106229,1106.132709,1085.054852,1132.418666,projected,-6.971329619,,,,
4843,28-02-2021,9697,Assam,projected,0.876315282,0.510726715,1.406384056,1107.009024,1085.573908,1133.640466,0.876315282,0.510726715,1.406384056,1107.009024,1085.573908,1133.640466,projected,-6.898069022,,,,
4843,01-03-2021,9698,Assam,projected,0.866282873,0.500344331,1.395213741,1107.875307,1086.161159,1134.851086,0.866282873,0.500344331,1.395213741,1107.875307,1086.161159,1134.851086,projected,-6.82480056,,,,
4843,02-03-2021,9699,Assam,projected,0.856342977,0.489935646,1.38391809,1108.73165,1086.739883,1136.050412,0.856342977,0.489935646,1.38391809,1108.73165,1086.739883,1136.050412,projected,-6.751525579,,,,
4843,03-03-2021,9700,Assam,projected,0.846436115,0.479537164,1.372598129,1109.578086,1087.309962,1137.296897,0.846436115,0.479537164,1.372598129,1109.578086,1087.309962,1137.296897,projected,-6.678245422,,,,
4843,04-03-2021,9701,Assam,projected,0.836565514,0.46931229,1.361644633,1110.414652,1087.871496,1138.643869,0.836565514,0.46931229,1.361644633,1110.414652,1087.871496,1138.643869,projected,-6.604961435,,,,
4843,05-03-2021,9702,Assam,projected,0.82668911,0.458503505,1.350898453,1111.241341,1088.425842,1140.000554,0.82668911,0.458503505,1.350898453,1111.241341,1088.425842,1140.000554,projected,-6.547577797,,,,
4843,06-03-2021,9703,Assam,projected,0.81673691,0.447805858,1.339629353,1112.058078,1088.944534,1141.346565,0.81673691,0.447805858,1.339629353,1112.058078,1088.944534,1141.346565,projected,-6.488988998,,,,
4843,07-03-2021,9704,Assam,projected,0.806819393,0.437310543,1.327896001,1112.864897,1089.459202,1142.681821,0.806819393,0.437310543,1.327896001,1112.864897,1089.459202,1142.681821,projected,-6.412316812,,,,
4843,08-03-2021,9705,Assam,projected,0.797059232,0.427009895,1.316189112,1113.661956,1090.016019,1144.006226,0.797059232,0.427009895,1.316189112,1113.661956,1090.016019,1144.006226,projected,-6.335645776,,,,
4843,09-03-2021,9706,Assam,projected,0.787397918,0.417028478,1.304424639,1114.449354,1090.558382,1145.136642,0.787397918,0.417028478,1.304424639,1114.449354,1090.558382,1145.136642,projected,-6.25897743,,,,
4843,10-03-2021,9707,Assam,projected,0.777753168,0.40733953,1.295440841,1115.227108,1091.011964,1146.323142,0.777753168,0.40733953,1.295440841,1115.227108,1091.011964,1146.323142,projected,-6.182313315,,,,
4843,11-03-2021,9708,Assam,projected,0.76813228,0.39766755,1.287067786,1115.99524,1091.429999,1147.60378,0.76813228,0.39766755,1.287067786,1115.99524,1091.429999,1147.60378,projected,-6.10565497,,,,
4843,12-03-2021,9709,Assam,projected,0.758489078,0.388037287,1.279022784,1116.753729,1091.839681,1148.93806,0.758489078,0.388037287,1.279022784,1116.753729,1091.839681,1148.93806,projected,-6.046567603,,,,
4843,13-03-2021,9710,Assam,projected,0.748740327,0.378922997,1.268608498,1117.502469,1092.241125,1150.26149,0.748740327,0.378922997,1.268608498,1117.502469,1092.241125,1150.26149,projected,-5.986617223,,,,
4843,14-03-2021,9711,Assam,projected,0.739004472,0.37092079,1.257335559,1118.241474,1092.664366,1151.573911,0.739004472,0.37092079,1.257335559,1118.241474,1092.664366,1151.573911,projected,-5.907179965,,,,
4843,15-03-2021,9712,Assam,projected,0.729420588,0.36318138,1.245966595,1118.970894,1093.094661,1152.875824,0.729420588,0.36318138,1.245966595,1118.970894,1093.094661,1152.875824,projected,-5.82775484,,,,
4843,16-03-2021,9713,Assam,projected,0.719933359,0.355689455,1.234454826,1119.690828,1093.497384,1154.165693,0.719933359,0.355689455,1.234454826,1119.690828,1093.497384,1154.165693,projected,-5.748343559,,,,
4843,17-03-2021,9714,Assam,projected,0.710450374,0.347473734,1.223328964,1120.401278,1093.901799,1155.447903,0.710450374,0.347473734,1.223328964,1120.401278,1093.901799,1155.447903,projected,-5.668947834,,,,
4843,18-03-2021,9715,Assam,projected,0.700944552,0.338735746,1.21251962,1121.102223,1094.269726,1156.690968,0.700944552,0.338735746,1.21251962,1121.102223,1094.269726,1156.690968,projected,-5.589569372,,,,
4843,19-03-2021,9716,Assam,projected,0.69134691,0.330115989,1.20185503,1121.79357,1094.631161,1157.896283,0.69134691,0.330115989,1.20185503,1121.79357,1094.631161,1157.896283,projected,-5.5291295,,,,
4843,20-03-2021,9717,Assam,projected,0.681565116,0.321638058,1.191460955,1122.475135,1094.985846,1159.206202,0.681565116,0.321638058,1.191460955,1122.475135,1094.985846,1159.206202,projected,-5.468153259,,,,
4843,21-03-2021,9718,Assam,projected,0.671716767,0.313442881,1.181390966,1123.146851,1095.376092,1160.452817,0.671716767,0.313442881,1.181390966,1123.146851,1095.376092,1160.452817,projected,-5.386594308,,,,
4843,22-03-2021,9719,Assam,projected,0.661948366,0.305516446,1.170757482,1123.8088,1095.797078,1161.672454,0.661948366,0.305516446,1.170757482,1123.8088,1095.797078,1161.672454,projected,-5.305060019,,,,
4843,23-03-2021,9720,Assam,projected,0.652262029,0.297571984,1.160007496,1124.461062,1096.111246,1162.880228,0.652262029,0.297571984,1.160007496,1124.461062,1096.111246,1162.880228,projected,-5.223552241,,,,
4843,24-03-2021,9721,Assam,projected,0.642589212,0.289631518,1.149402372,1125.103651,1096.374912,1164.075158,0.642589212,0.289631518,1.149402372,1125.103651,1096.374912,1164.075158,projected,-5.142072819,,,,
4843,25-03-2021,9722,Assam,projected,0.632941505,0.281848874,1.139086147,1125.736593,1096.6317,1165.256338,0.632941505,0.281848874,1.139086147,1125.736593,1096.6317,1165.256338,projected,-5.060623598,,,,
4843,26-03-2021,9723,Assam,projected,0.623269522,0.274205274,1.12903474,1126.359862,1096.936122,1166.423656,0.623269522,0.274205274,1.12903474,1126.359862,1096.936122,1166.423656,projected,-4.999181154,,,,
4843,27-03-2021,9724,Assam,projected,0.613477141,0.2666779,1.117706824,1126.973339,1097.234111,1167.576978,0.613477141,0.2666779,1.117706824,1126.973339,1097.234111,1167.576978,projected,-4.937510064,,,,
4843,28-03-2021,9725,Assam,projected,0.603683904,0.259169721,1.106275235,1127.577023,1097.525809,1168.716159,0.603683904,0.259169721,1.106275235,1127.577023,1097.525809,1168.716159,projected,-4.854460048,,,,
4843,29-03-2021,9726,Assam,projected,0.594039675,0.251921697,1.094742518,1128.171063,1097.825572,1169.841794,0.594039675,0.251921697,1.094742518,1128.171063,1097.825572,1169.841794,projected,-4.771448257,,,,
4843,30-03-2021,9727,Assam,projected,0.584498645,0.244818869,1.083099767,1128.755561,1098.16514,1170.954453,0.584498645,0.244818869,1.083099767,1128.755561,1098.16514,1170.954453,projected,-4.688476638,,,,
4843,31-03-2021,9728,Assam,projected,0.57498266,0.238362872,1.071653196,1129.330544,1098.432376,1172.053202,0.57498266,0.238362872,1.071653196,1129.330544,1098.432376,1172.053202,projected,-4.605547131,,,,
4843,01-04-2021,9729,Assam,projected,0.565504681,0.231507985,1.059178335,1129.896049,1098.692292,1173.137175,0.565504681,0.231507985,1.059178335,1129.896049,1098.692292,1173.137175,projected,-4.522661677,,,,
